frame,t_s,s_m,x,y,z,speed_ms,speed_kph,curvature,heading_rad,accel_long_ms2,accel_lat_ms2,wheel_rot_rad,steer_norm,pitch_rad,roll_rad,wheelspin
0,0.000000,0.0000,0.0000,0.0000,0.0000,0.50000,1.800,0.0000000,0.000000,3.3141,0.0000,2.22222,0.00000,-0.003085,0.000000,1
1,0.041667,0.0208,0.0260,0.0000,0.0000,0.63809,2.297,0.0000000,0.000000,3.3141,0.0000,4.14233,0.00000,-0.003085,0.000000,1
2,0.083333,0.0416,0.0521,0.0000,0.0000,0.77617,2.794,0.0000000,0.000000,3.3141,0.0000,5.72441,0.00000,-0.003085,0.000000,1
3,0.125000,0.0624,0.0781,0.0000,0.0000,0.91426,3.291,0.0000000,0.000000,3.3141,0.0000,6.99181,0.00000,-0.003085,0.000000,1
4,0.166667,0.0832,0.1042,0.0000,0.0000,1.05235,3.788,0.0000000,0.000000,3.3141,0.0000,7.96978,0.00000,-0.003085,0.000000,1
5,0.208333,0.1040,0.1302,0.0000,0.0000,1.19044,4.286,0.0000000,0.000000,3.3141,0.0000,8.68599,0.00000,-0.003085,0.000000,1
6,0.250000,0.1248,0.1562,0.0000,0.0000,1.32852,4.783,0.0000000,0.000000,3.3141,0.0000,9.17143,0.00000,-0.003085,0.000000,1
7,0.291667,0.1456,0.1823,0.0000,0.0000,1.46661,5.280,0.0000000,0.000000,3.3141,0.0000,9.46199,0.00000,-0.003085,0.000000,1
8,0.333333,0.1664,0.2083,0.0000,0.0000,1.60470,5.777,0.0000000,0.000000,3.3141,0.0000,9.60207,0.00000,-0.003085,0.000000,1
9,0.375000,0.1872,0.2344,0.0000,0.0000,1.74278,6.274,0.0000000,0.000000,3.3141,0.0000,9.65984,0.00000,-0.003085,0.000000,1
10,0.416667,0.2080,0.2604,0.0000,0.0000,1.88087,6.771,0.0000000,0.000000,3.3141,0.0000,9.71762,0.00000,-0.003085,0.000000,0
11,0.458333,0.2288,0.2865,0.0000,0.0000,2.01896,7.268,0.0000000,0.000000,3.3141,0.0000,9.77539,0.00000,-0.003085,0.000000,0
12,0.500000,0.2496,0.3125,0.0000,0.0000,2.15704,7.765,0.0000000,0.000000,5.5116,0.0000,9.83317,0.00000,-0.005130,0.000000,0
13,0.541667,0.3393,0.4248,0.0000,0.0000,2.47826,8.922,0.0000000,0.000000,7.7091,0.0000,10.08241,0.00000,-0.007176,0.000000,0
14,0.583333,0.4290,0.5372,0.0000,0.0000,2.79947,10.078,0.0000000,0.000000,7.7808,0.0000,10.33165,0.00000,-0.007243,0.000000,0
15,0.625000,0.5269,0.6597,0.0000,0.0000,3.12665,11.256,0.0000000,0.000000,8.1090,0.0000,10.60344,0.00000,-0.007548,0.000000,0
16,0.666667,0.6538,0.8186,0.0000,0.0000,3.47522,12.511,0.0000000,0.000000,8.3998,0.0000,10.95592,0.00000,-0.007819,0.000000,0
17,0.708333,0.7878,0.9864,0.0000,0.0000,3.82664,13.776,0.0000000,0.000000,8.5358,0.0000,11.32833,0.00000,-0.007945,0.000000,0
18,0.750000,0.9433,1.1810,0.0000,0.0000,4.18654,15.072,0.0000000,0.000000,8.6858,0.0000,11.76003,0.00000,-0.008085,0.000000,0
19,0.791667,1.1142,1.3951,0.0000,0.0000,4.55046,16.382,0.0000000,0.000000,8.7727,0.0000,12.23484,0.00000,-0.008166,0.000000,0
20,0.833333,1.2990,1.6265,0.0000,0.0000,4.91759,17.703,0.0000000,0.000000,8.8469,0.0000,12.74832,0.00000,-0.008235,0.000000,0
21,0.875000,1.4999,1.8780,0.0000,0.0000,5.28770,19.036,0.0000000,0.000000,8.9149,0.0000,13.30622,0.00000,-0.008298,0.000000,0
22,0.916667,1.7197,2.1532,0.0000,0.0000,5.66050,20.378,0.0000000,0.000000,8.9682,0.0000,13.91673,0.00000,-0.008348,0.000000,0
23,0.958333,1.9549,2.4477,0.0000,0.0000,6.03505,21.726,0.0000000,0.000000,9.0072,0.0000,14.57006,0.00000,-0.008384,0.000000,0
24,1.000000,2.2058,2.7618,0.0000,0.0000,6.41110,23.080,0.0000000,0.000000,9.0407,0.0000,15.26701,0.00000,-0.008415,0.000000,0
25,1.041667,2.4725,3.0958,0.0000,0.0000,6.78844,24.438,0.0000000,0.000000,9.0693,0.0000,16.00791,0.00000,-0.008442,0.000000,0
26,1.083333,2.7554,3.4500,0.0000,0.0000,7.16688,25.801,0.0000000,0.000000,9.0945,0.0000,16.79387,0.00000,-0.008466,0.000000,0
27,1.125000,3.0556,3.8259,0.0000,0.0000,7.54632,27.167,0.0000000,0.000000,9.1157,0.0000,17.62768,0.00000,-0.008485,0.000000,0
28,1.166667,3.3714,4.2213,0.0000,0.0000,7.92652,28.535,0.0000000,0.000000,9.1328,0.0000,18.50490,0.00000,-0.008501,0.000000,0
29,1.208333,3.7025,4.6359,0.0000,0.0000,8.30738,29.907,0.0000000,0.000000,9.1482,0.0000,19.42461,0.00000,-0.008516,0.000000,0
30,1.250000,4.0504,5.0714,0.0000,0.0000,8.68887,31.280,0.0000000,0.000000,9.1621,0.0000,20.39093,0.00000,-0.008528,0.000000,0
31,1.291667,4.4144,5.5272,0.0000,0.0000,9.07089,32.655,0.0000000,0.000000,9.1738,0.0000,21.40212,0.00000,-0.008539,0.000000,0
32,1.333333,4.7942,6.0028,0.0000,0.0000,9.45336,34.032,0.0000000,0.000000,9.1842,0.0000,22.45714,0.00000,-0.008549,0.000000,0
33,1.375000,5.1904,6.4988,0.0000,0.0000,9.83624,35.410,0.0000000,0.000000,9.1937,0.0000,23.55753,0.00000,-0.008558,0.000000,0
34,1.416667,5.6029,7.0153,0.0000,0.0000,10.21949,36.790,0.0000000,0.000000,9.2018,0.0000,24.70336,0.00000,-0.008565,0.000000,0
35,1.458333,6.0309,7.5513,0.0000,0.0000,10.60306,38.171,0.0000000,0.000000,9.2091,0.0000,25.89249,0.00000,-0.008572,0.000000,0
36,1.500000,6.4753,8.1076,0.0000,0.0000,10.98692,39.553,0.0000000,0.000000,9.2159,0.0000,27.12675,0.00000,-0.008579,0.000000,0
37,1.541667,6.9362,8.6847,0.0000,0.0000,11.37105,40.936,0.0000000,0.000000,9.2219,0.0000,28.40713,0.00000,-0.008584,0.000000,0
38,1.583333,7.4131,9.2818,0.0000,0.0000,11.75542,42.320,0.0000000,0.000000,9.2273,0.0000,29.73180,0.00000,-0.008589,0.000000,0
39,1.625000,7.9060,9.8990,0.0000,0.0000,12.13999,43.704,0.0000000,0.000000,9.2321,0.0000,31.10105,0.00000,-0.008594,0.000000,0
40,1.666667,8.4150,10.5364,0.0000,0.0000,12.52476,45.089,0.0000000,0.000000,9.2366,0.0000,32.51497,0.00000,-0.008598,0.000000,0
41,1.708333,8.9401,11.1938,0.0000,0.0000,12.90971,46.475,0.0000000,0.000000,9.2406,0.0000,33.97351,0.00000,-0.008602,0.000000,0
42,1.750000,9.4812,11.8713,0.0000,0.0000,13.29482,47.861,0.0000000,0.000000,9.2444,0.0000,35.47652,0.00000,-0.008605,0.000000,0
43,1.791667,10.0389,12.5696,0.0000,0.0000,13.68008,49.248,0.0000000,0.000000,9.2478,0.0000,37.02569,0.00000,-0.008608,0.000000,0
44,1.833333,10.6126,13.2879,0.0000,0.0000,14.06547,50.636,0.0000000,0.000000,9.2509,0.0000,38.61925,0.00000,-0.008611,0.000000,0
45,1.875000,11.2021,14.0259,0.0000,0.0000,14.45098,52.024,0.0000000,0.000000,9.2538,0.0000,40.25670,0.00000,-0.008614,0.000000,0
46,1.916667,11.8080,14.7847,0.0000,0.0000,14.83662,53.412,0.0000000,0.000000,9.7583,0.0000,41.93997,0.00000,-0.009083,0.000000,0
47,1.958333,12.4319,15.4519,0.0000,0.0000,15.26418,54.951,0.0000000,0.000000,10.4578,0.0000,43.67289,0.00000,-0.009735,0.000000,0
48,2.000000,13.0749,16.0949,0.0000,0.0000,15.70810,56.549,0.0000000,0.000000,10.6558,0.0000,45.45911,0.00000,-0.009919,0.000000,0
49,2.041667,13.7362,16.7562,0.0000,0.0000,16.15216,58.148,0.0000000,0.000000,10.6590,0.0000,47.29599,0.00000,-0.009922,0.000000,0
50,2.083333,14.4167,17.4367,0.0000,0.0000,16.59635,59.747,0.0000000,0.000000,10.6619,0.0000,49.18615,0.00000,-0.009925,0.000000,0
51,2.125000,15.1156,18.1356,0.0000,0.0000,17.04066,61.346,0.0000000,0.000000,10.6646,0.0000,51.12756,0.00000,-0.009927,0.000000,0
52,2.166667,15.8330,18.8530,0.0000,0.0000,17.48507,62.946,0.0000000,0.000000,10.6671,0.0000,53.12053,0.00000,-0.009929,0.000000,0
53,2.208333,16.5691,19.5891,0.0000,0.0000,17.92958,64.546,0.0000000,0.000000,10.6694,0.0000,55.16526,0.00000,-0.009932,0.000000,0
54,2.250000,17.3239,20.3439,0.0000,0.0000,18.37419,66.147,0.0000000,0.000000,10.6715,0.0000,57.26184,0.00000,-0.009934,0.000000,0
55,2.291667,18.0973,21.1173,0.0000,0.0000,18.81887,67.748,0.0000000,0.000000,10.6735,0.0000,59.41024,0.00000,-0.009935,0.000000,0
56,2.333333,18.8894,21.9094,0.0000,0.0000,19.26364,69.349,0.0000000,0.000000,10.6754,0.0000,61.61036,0.00000,-0.009937,0.000000,0
57,2.375000,19.7000,22.7200,0.0000,0.0000,19.70849,70.951,0.0000000,0.000000,10.6771,0.0000,63.86202,0.00000,-0.009939,0.000000,0
58,2.416667,20.5293,23.5493,0.0000,0.0000,20.15340,72.552,0.0000000,0.000000,10.6787,0.0000,66.16560,0.00000,-0.009940,0.000000,0
59,2.458333,21.3773,24.3973,0.0000,0.0000,20.59838,74.154,0.0000000,0.000000,10.6802,0.0000,68.52136,0.00000,-0.009942,0.000000,0
60,2.500000,22.2438,25.2638,0.0000,0.0000,21.04342,75.756,0.0000000,0.000000,10.6816,0.0000,70.92810,0.00000,-0.009943,0.000000,0
61,2.541667,23.1292,26.1492,0.0000,0.0000,21.48852,77.359,0.0000000,0.000000,10.6830,0.0000,73.38756,0.00000,-0.009944,0.000000,0
62,2.583333,24.0329,27.0529,0.0000,0.0000,21.93367,78.961,0.0000000,0.000000,10.6842,0.0000,75.89803,0.00000,-0.009945,0.000000,0
63,2.625000,24.9555,27.9755,0.0000,0.0000,22.37887,80.564,0.0000000,0.000000,10.6854,0.0000,78.46069,0.00000,-0.009946,0.000000,0
64,2.666667,25.8967,28.9167,0.0000,0.0000,22.82412,82.167,0.0000000,0.000000,10.6865,0.0000,81.07515,0.00000,-0.009947,0.000000,0
65,2.708333,26.8565,29.8765,0.0000,0.0000,23.26941,83.770,0.0000000,0.000000,10.6875,0.0000,83.74122,0.00000,-0.009948,0.000000,0
66,2.750000,27.8349,30.8549,0.0000,0.0000,23.71475,85.373,0.0000000,0.000000,10.6885,0.0000,86.45902,0.00000,-0.009949,0.000000,0
67,2.791667,28.8320,31.8520,0.0000,0.0000,24.16012,86.976,0.0000000,0.000000,10.6895,0.0000,89.22864,0.00000,-0.009950,0.000000,0
68,2.833333,29.8477,32.8677,0.0000,0.0000,24.60553,88.580,0.0000000,0.000000,10.6903,0.0000,92.05008,0.00000,-0.009951,0.000000,0
69,2.875000,30.8820,33.9020,0.0000,0.0000,25.05098,90.184,0.0000000,0.000000,10.6912,0.0000,94.92330,0.00000,-0.009952,0.000000,0
70,2.916667,31.9350,34.9550,0.0000,0.0000,25.49647,91.787,0.0000000,0.000000,10.6920,0.0000,97.84822,0.00000,-0.009953,0.000000,0
71,2.958333,33.0065,36.0265,0.0000,0.0000,25.94198,93.391,0.0000000,0.000000,10.6927,0.0000,100.82471,0.00000,-0.009953,0.000000,0
72,3.000000,34.0969,37.1169,0.0000,0.0000,26.38753,94.995,0.0000000,0.000000,10.6934,0.0000,103.85341,0.00000,-0.009954,0.000000,0
73,3.041667,35.2058,38.2258,0.0000,0.0000,26.83310,96.599,0.0000000,0.000000,10.6941,0.0000,106.93368,0.00000,-0.009955,0.000000,0
74,3.083333,36.3333,39.3533,0.0000,0.0000,27.27870,98.203,0.0000000,0.000000,10.6948,0.0000,110.06569,0.00000,-0.009955,0.000000,0
75,3.125000,37.4795,40.4995,0.0000,0.0000,27.72433,99.808,0.0000000,0.000000,10.6954,0.0000,113.24950,0.00000,-0.009956,0.000000,0
76,3.166667,38.6443,41.6643,0.0000,0.0000,28.16998,101.412,0.0000000,0.000000,10.6960,0.0000,116.48520,0.00000,-0.009956,0.000000,0
77,3.208333,39.8277,42.8477,0.0000,0.0000,28.61566,103.016,0.0000000,0.000000,10.6965,0.0000,119.77244,0.00000,-0.009957,0.000000,0
78,3.250000,41.0298,44.0498,0.0000,0.0000,29.06136,104.621,0.0000000,0.000000,10.6971,0.0000,123.11146,0.00000,-0.009957,0.000000,0
79,3.291667,42.2505,45.2705,0.0000,0.0000,29.50708,106.226,0.0000000,0.000000,10.6976,0.0000,126.50249,0.00000,-0.009958,0.000000,0
80,3.333333,43.4899,46.5099,0.0000,0.0000,29.95283,107.830,0.0000000,0.000000,10.6981,0.0000,129.94522,0.00000,-0.009958,0.000000,0
81,3.375000,44.7479,47.7679,0.0000,0.0000,30.39859,109.435,0.0000000,0.000000,10.6985,0.0000,133.43967,0.00000,-0.009959,0.000000,0
82,3.416667,46.0245,49.0445,0.0000,0.0000,30.84437,111.040,0.0000000,0.000000,10.6990,0.0000,136.98583,0.00000,-0.009959,0.000000,0
83,3.458333,47.3198,50.3398,0.0000,0.0000,31.29017,112.645,0.0000000,0.000000,10.6994,0.0000,140.58383,0.00000,-0.009959,0.000000,0
84,3.500000,48.6338,51.6538,0.0000,0.0000,31.73599,114.250,0.0000000,0.000000,10.6998,0.0000,144.23375,0.00000,-0.009960,0.000000,0
85,3.541667,49.9664,52.9864,0.0000,0.0000,32.18182,115.855,0.0000000,0.000000,10.7002,0.0000,147.93532,0.00000,-0.009960,0.000000,0
86,3.583333,51.3175,54.3375,0.0000,0.0000,32.62767,117.460,0.0000000,0.000000,10.7006,0.0000,151.68847,0.00000,-0.009961,0.000000,0
87,3.625000,52.6874,55.7074,0.0000,0.0000,33.07353,119.065,0.0000000,0.000000,10.7009,0.0000,155.49376,0.00000,-0.009961,0.000000,0
88,3.666667,54.0758,57.0958,0.0000,0.0000,33.51941,120.670,0.0000000,0.000000,10.7013,0.0000,159.35046,0.00000,-0.009961,0.000000,0
89,3.708333,55.4830,58.5030,0.0000,0.0000,33.96531,122.275,0.0000000,0.000000,10.7016,0.0000,163.25926,0.00000,-0.009962,0.000000,0
90,3.750000,56.9087,59.9287,0.0000,0.0000,34.41121,123.880,0.0000000,0.000000,10.7019,0.0000,167.21968,0.00000,-0.009962,0.000000,0
91,3.791667,58.3531,61.3731,0.0000,0.0000,34.85714,125.486,0.0000000,0.000000,10.7022,0.0000,171.23178,0.00000,-0.009962,0.000000,0
92,3.833333,59.8161,62.8361,0.0000,0.0000,35.30307,127.091,0.0000000,0.000000,10.7025,0.0000,175.29570,0.00000,-0.009962,0.000000,0
93,3.875000,61.2978,64.3178,0.0000,0.0000,35.74901,128.696,0.0000000,0.000000,11.0678,0.0000,179.41150,0.00000,-0.010302,0.000000,0
94,3.916667,62.7955,65.7193,0.4074,0.0000,36.22539,130.411,0.0000000,0.000000,11.5182,0.0000,183.57173,0.00000,-0.010722,0.000000,0
95,3.958333,64.3125,67.1164,0.9158,0.0000,36.70886,132.152,0.0000000,0.000000,11.6036,0.0000,187.78579,0.00000,-0.010801,0.000000,0
96,4.000000,65.8498,68.5321,1.4310,0.0000,37.19236,133.892,0.0000000,0.000000,11.6040,0.0000,192.05591,0.00000,-0.010801,0.000000,0
97,4.041667,67.4072,69.9664,1.9530,0.0000,37.67586,135.633,0.0000000,0.000000,11.6043,0.0000,196.38210,0.00000,-0.010802,0.000000,0
98,4.083333,68.9848,71.4192,2.4817,0.0000,38.15938,137.374,0.0000000,0.000000,11.6046,0.0000,200.76420,0.00000,-0.010802,0.000000,0
99,4.125000,70.5824,72.8905,3.0171,0.0000,38.64291,139.114,0.0000000,0.000000,11.6049,0.0000,205.20213,0.00000,-0.010802,0.000000,0
100,4.166667,72.2003,74.3804,3.5594,0.0000,39.12645,140.855,0.0000000,0.000000,11.6051,0.0000,209.69635,0.00000,-0.010803,0.000000,0
101,4.208333,73.8383,75.8889,4.1083,0.0000,39.61000,142.596,0.0000000,0.000000,11.6054,0.0000,214.24629,0.00000,-0.010803,0.000000,0
102,4.250000,75.4965,77.4160,4.6641,0.0000,40.09357,144.337,0.0000000,0.000000,11.6057,0.0000,218.85245,0.00000,-0.010803,0.000000,0
103,4.291667,77.1749,78.9616,5.2266,0.0000,40.57714,146.078,0.0000000,0.000000,11.6059,0.0000,223.51451,0.00000,-0.010803,0.000000,0
104,4.333333,78.8733,80.5257,5.7958,0.0000,41.06072,147.819,0.0000000,0.000000,11.6061,0.0000,228.23250,0.00000,-0.010803,0.000000,0
105,4.375000,80.5920,82.1085,6.3718,0.0000,41.54432,149.560,0.0000000,0.000000,11.6064,0.0000,233.00649,0.00000,-0.010804,0.000000,0
106,4.416667,82.3308,83.7097,6.9546,0.0000,42.02792,151.301,0.0000000,0.000000,11.6066,0.0000,237.83649,0.00000,-0.010804,0.000000,0
107,4.458333,84.0898,85.3296,7.5441,0.0000,42.51154,153.042,0.0000000,0.000000,11.6068,0.0000,242.72253,0.00000,-0.010804,0.000000,0
108,4.500000,85.8689,86.9681,8.1404,0.0000,42.99516,154.783,0.0000000,0.000000,11.6070,0.0000,247.66459,0.00000,-0.010804,0.000000,0
109,4.541667,87.6682,88.6251,8.7434,0.0000,43.47879,156.524,0.0000000,0.000000,11.6072,0.0000,252.66264,0.00000,-0.010805,0.000000,0
110,4.583333,89.4876,90.3006,9.3532,0.0000,43.96243,158.265,0.0000000,0.000000,11.6074,0.0000,257.71662,0.00000,-0.010805,0.000000,0
111,4.625000,91.3272,91.9947,9.9697,0.0000,44.44607,160.006,0.0000000,0.000000,11.6076,0.0000,262.82652,0.00000,-0.010805,0.000000,0
112,4.666667,93.1870,93.7074,10.5930,0.0000,44.92973,161.747,0.0000000,0.000000,11.6078,0.0000,267.99260,0.00000,-0.010805,0.000000,0
113,4.708333,95.0668,95.4386,11.2231,0.0000,45.41339,163.488,0.0000000,0.000000,11.6080,0.0000,273.21446,0.00000,-0.010805,0.000000,0
114,4.750000,96.9670,97.1884,11.8599,0.0000,45.89706,165.229,0.0000000,0.000000,11.6081,0.0000,278.49254,0.00000,-0.010805,0.000000,0
115,4.791667,98.8872,98.9568,12.5034,0.0000,46.38074,166.971,0.0000000,0.000000,11.6083,0.0000,283.82648,0.00000,-0.010806,0.000000,0
116,4.833333,100.8275,100.7437,13.1537,0.0000,46.86442,168.712,0.0000000,0.000000,11.6085,0.0000,289.21636,0.00000,-0.010806,0.000000,0
117,4.875000,102.7881,102.5492,13.8108,0.0000,47.34811,170.453,0.0000000,0.000000,11.6086,0.0000,294.66232,0.00000,-0.010806,0.000000,0
118,4.916667,104.7688,104.3733,14.4746,0.0000,47.83180,172.194,0.0000000,0.000000,11.6088,0.0000,300.16428,0.00000,-0.010806,0.000000,0
119,4.958333,106.7696,106.2159,15.1452,0.0000,48.31551,173.936,0.0000000,0.000000,11.6089,0.0000,305.72221,0.00000,-0.010806,0.000000,0
120,5.000000,108.7906,108.0771,15.8226,0.0000,48.79921,175.677,0.0000000,0.000000,11.6091,0.0000,311.33610,0.00000,-0.010806,0.000000,0
121,5.041667,110.8318,109.9568,16.5066,0.0000,49.28293,177.419,0.0000000,0.000000,11.6092,0.0000,317.00603,0.00000,-0.010806,0.000000,0
122,5.083333,112.8932,111.8552,17.1975,0.0000,49.76665,179.160,0.0000000,0.000000,11.6093,0.0000,322.73199,0.00000,-0.010806,0.000000,0
123,5.125000,114.9746,113.7720,17.8951,0.0000,50.25037,180.901,0.0000000,0.000000,11.6095,0.0000,328.51388,0.00000,-0.010807,0.000000,0
124,5.166667,117.0763,115.7074,18.5995,0.0000,50.73411,182.643,0.0000000,0.000000,11.6096,0.0000,334.35172,0.00000,-0.010807,0.000000,0
125,5.208333,119.1981,117.6615,19.3106,0.0000,51.21784,184.384,0.0000000,0.000000,11.6097,0.0000,340.24567,0.00000,-0.010807,0.000000,0
126,5.250000,121.3400,119.6340,20.0285,0.0000,51.70158,186.126,0.0000000,0.000000,11.6098,0.0000,346.19550,0.00000,-0.010807,0.000000,0
127,5.291667,123.5021,121.6251,20.7531,0.0000,52.18533,187.867,0.0000000,0.000000,11.6100,0.0000,352.20138,0.00000,-0.010807,0.000000,0
128,5.333333,125.6844,123.6348,21.4845,0.0000,52.66908,189.609,0.0000000,0.000000,11.6101,0.0000,358.26328,0.00000,-0.010807,0.000000,0
129,5.375000,127.8868,125.6631,22.2226,0.0000,53.15283,191.350,0.0000000,0.000000,11.6102,0.0000,364.38112,0.00000,-0.010807,0.000000,0
130,5.416667,130.1094,127.7099,22.9675,0.0000,53.63659,193.092,0.0000000,0.000000,11.6103,0.0000,370.55495,0.00000,-0.010807,0.000000,0
131,5.458333,132.3522,129.7753,23.7192,0.0000,54.12036,194.833,0.0000000,0.000000,11.6104,0.0000,376.78479,0.00000,-0.010807,0.000000,0
132,5.500000,134.6151,131.8592,24.4776,0.0000,54.60413,196.575,0.0000000,0.000000,11.6105,0.0000,383.07063,0.00000,-0.010808,0.000000,0
133,5.541667,136.8981,133.9617,25.2427,0.0000,55.08790,198.316,0.0000000,0.000000,11.6106,0.0000,389.41247,0.00000,-0.010808,0.000000,0
134,5.583333,139.2013,136.0828,26.0146,0.0000,55.57168,200.058,0.0000000,0.000000,11.6107,0.0000,395.81028,0.00000,-0.010808,0.000000,0
135,5.625000,141.5247,138.2224,26.7933,0.0000,56.05546,201.800,0.0000000,0.000000,11.6108,0.0000,402.26404,0.00000,-0.010808,0.000000,0
136,5.666667,143.8682,140.3806,27.5787,0.0000,56.53924,203.541,0.0000000,0.000000,11.6109,0.0000,408.77389,0.00000,-0.010808,0.000000,0
137,5.708333,146.2319,142.5574,28.3709,0.0000,57.02303,205.283,0.0000000,0.000000,11.6110,0.0000,415.33967,0.00000,-0.010808,0.000000,0
138,5.750000,148.6158,144.7527,29.1699,0.0000,57.50682,207.025,0.0000000,0.000000,11.6111,0.0000,421.96147,0.00000,-0.010808,0.000000,0
139,5.791667,151.0198,146.9666,29.9756,0.0000,57.99062,208.766,0.0000000,0.000000,11.6111,0.0000,428.63920,0.00000,-0.010808,0.000000,0
140,5.833333,153.4439,149.1990,30.7880,0.0000,58.47442,210.508,0.0000000,0.000000,11.6112,0.0000,435.37302,0.00000,-0.010808,0.000000,0
141,5.875000,155.8882,151.4501,31.6072,0.0000,58.95822,212.250,0.0000000,0.000000,11.6113,0.0000,442.16279,0.00000,-0.010808,0.000000,0
142,5.916667,158.3527,153.7196,32.4332,0.0000,59.44203,213.991,0.0000000,0.000000,11.6114,0.0000,449.00853,0.00000,-0.010808,0.000000,0
143,5.958333,160.8373,156.0078,33.2659,0.0000,59.92583,215.733,0.0000000,0.000000,11.6115,0.0000,455.91028,0.00000,-0.010808,0.000000,0
144,6.000000,163.3421,158.3145,34.1054,0.0000,60.40965,217.475,0.0000000,0.000000,11.6115,0.0000,462.86802,0.00000,-0.010809,0.000000,0
145,6.041667,165.8671,160.6397,34.9516,0.0000,60.89346,219.216,0.0000000,0.000000,9.3815,0.0000,469.88177,0.00000,-0.008733,0.000000,0
146,6.083333,168.4113,162.6845,36.4219,0.0000,61.19144,220.289,0.0000000,0.000000,6.7179,0.0000,476.94910,0.00000,-0.006253,0.000000,0
147,6.125000,170.9671,164.6805,38.0190,0.0000,61.45328,221.232,0.0000000,0.000000,6.2843,0.0000,484.04839,0.00000,-0.005850,0.000000,0
148,6.166667,173.5337,166.6850,39.6229,0.0000,61.71513,222.174,0.0000000,0.000000,6.2843,0.0000,491.17800,0.00000,-0.005850,0.000000,0
149,6.208333,176.1113,168.6981,41.2337,0.0000,61.97697,223.117,0.0000000,0.000000,6.2843,0.0000,498.33798,0.00000,-0.005850,0.000000,0
150,6.250000,178.6998,170.7197,42.8512,0.0000,62.23882,224.060,0.0000000,0.000000,6.2843,0.0000,505.52827,0.00000,-0.005850,0.000000,0
151,6.291667,181.2992,172.7498,44.4756,0.0000,62.50067,225.002,0.0000000,0.000000,6.2843,0.0000,512.74886,0.00000,-0.005850,0.000000,0
152,6.333333,183.9096,174.7884,46.1069,0.0000,62.76251,225.945,0.0000000,0.000000,6.2843,0.0000,519.99982,0.00000,-0.005850,0.000000,0
153,6.375000,186.5308,176.8356,47.7449,0.0000,63.02436,226.888,0.0000000,0.000000,6.2843,0.0000,527.28106,0.00000,-0.005850,0.000000,0
154,6.416667,189.1630,178.8912,49.3898,0.0000,63.28621,227.830,0.0000000,0.000000,6.2843,0.0000,534.59268,0.00000,-0.005850,0.000000,0
155,6.458333,191.8061,180.9554,51.0414,0.0000,63.54805,228.773,0.0000000,0.000000,6.2844,0.0000,541.93457,0.00000,-0.005850,0.000000,0
156,6.500000,194.4601,183.0282,52.7000,0.0000,63.80990,229.716,0.0000000,0.000000,6.2844,0.0000,549.30683,0.00000,-0.005850,0.000000,0
157,6.541667,197.1250,185.1095,54.3653,0.0000,64.07175,230.658,0.0000000,0.000000,6.2844,0.0000,556.70940,0.00000,-0.005850,0.000000,0
158,6.583333,199.8009,187.1992,56.0374,0.0000,64.33360,231.601,0.0000000,0.000000,6.2844,0.0000,564.14227,0.00000,-0.005850,0.000000,0
159,6.625000,202.4876,189.2976,57.7164,0.0000,64.59545,232.544,0.0000000,0.000000,6.2844,0.0000,571.60552,0.00000,-0.005850,0.000000,0
160,6.666667,205.1853,191.4044,59.4022,0.0000,64.85730,233.486,0.0000000,0.000000,6.2844,0.0000,579.09907,0.00000,-0.005850,0.000000,0
161,6.708333,207.8939,193.5198,61.0948,0.0000,65.11915,234.429,0.0000000,0.000000,6.2844,0.0000,586.62295,0.00000,-0.005850,0.000000,0
162,6.750000,210.6134,195.6437,62.7943,0.0000,65.38100,235.372,0.0000000,0.000000,6.2844,0.0000,594.17714,0.00000,-0.005850,0.000000,0
163,6.791667,213.3438,197.7761,64.5005,0.0000,65.64285,236.314,0.0000000,0.000000,6.2844,0.0000,601.76167,0.00000,-0.005850,0.000000,0
164,6.833333,216.0852,199.9170,66.2136,0.0000,65.90470,237.257,0.0000000,0.000000,6.2844,0.0000,609.37652,0.00000,-0.005850,0.000000,0
165,6.875000,218.8375,202.0665,67.9335,0.0000,66.16655,238.200,0.0000000,0.000000,6.2844,0.0000,617.02170,0.00000,-0.005850,0.000000,0
166,6.916667,221.6006,204.2245,69.6603,0.0000,66.42841,239.142,0.0000000,0.000000,6.2845,0.0000,624.69721,0.00000,-0.005850,0.000000,0
167,6.958333,224.3747,206.3910,71.3938,0.0000,66.69026,240.085,0.0000000,0.000000,6.2845,0.0000,632.40305,0.00000,-0.005850,0.000000,0
168,7.000000,227.1598,208.5661,73.1342,0.0000,66.95211,241.028,0.0000000,0.000000,6.2845,0.0000,640.13922,0.00000,-0.005850,0.000000,0
169,7.041667,229.9557,210.7497,74.8814,0.0000,67.21397,241.970,0.0000000,0.000000,6.2845,0.0000,647.90571,0.00000,-0.005850,0.000000,0
170,7.083333,232.7625,212.9418,76.6354,0.0000,67.47582,242.913,0.0000000,0.000000,6.2845,0.0000,655.70251,0.00000,-0.005850,0.000000,0
171,7.125000,235.5803,215.1424,78.3963,0.0000,67.73767,243.856,0.0000000,0.000000,6.2845,0.0000,663.52964,0.00000,-0.005850,0.000000,0
172,7.166667,238.4090,217.3516,80.1639,0.0000,67.99953,244.798,0.0000000,0.000000,6.2845,0.0000,671.38712,0.00000,-0.005850,0.000000,0
173,7.208333,241.2486,219.5692,81.9384,0.0000,68.26138,245.741,0.0000000,0.000000,6.2845,0.0000,679.27491,0.00000,-0.005850,0.000000,0
174,7.250000,244.0991,221.7954,83.7197,0.0000,68.52324,246.684,0.0000000,0.000000,6.2845,0.0000,687.19302,0.00000,-0.005850,0.000000,0
175,7.291667,246.9606,224.0302,85.5079,0.0000,68.78509,247.626,0.0000000,0.000000,6.2845,0.0000,695.14148,0.00000,-0.005850,0.000000,0
176,7.333333,249.8329,226.2734,87.3028,0.0000,69.04695,248.569,0.0000000,0.000000,6.2845,0.0000,703.12023,0.00000,-0.005850,0.000000,0
177,7.375000,252.7162,228.5252,89.1046,0.0000,69.30880,249.512,0.0000000,0.000000,6.2845,0.0000,711.12935,0.00000,-0.005850,0.000000,0
178,7.416667,255.6104,230.7856,90.9132,0.0000,69.57066,250.454,0.0000000,0.000000,6.2846,0.0000,719.16877,0.00000,-0.005850,0.000000,0
179,7.458333,258.5155,233.0544,92.7286,0.0000,69.83252,251.397,0.0000000,0.000000,6.2846,0.0000,727.23852,0.00000,-0.005850,0.000000,0
180,7.500000,261.4315,235.3318,94.5509,0.0000,70.09437,252.340,0.0000000,0.000000,6.2846,0.0000,735.33861,0.00000,-0.005850,0.000000,0
181,7.541667,264.3585,237.6177,96.3800,0.0000,70.35623,253.282,0.0000000,0.000000,6.2846,0.0000,743.46900,0.00000,-0.005850,0.000000,0
182,7.583333,267.2963,239.9121,98.2158,0.0000,70.61809,254.225,0.0000000,0.000000,6.2846,0.0000,751.62973,0.00000,-0.005850,0.000000,0
183,7.625000,270.2451,242.2150,100.0586,0.0000,70.87995,255.168,0.0000000,0.000000,6.2846,0.0000,759.82080,0.00000,-0.005850,0.000000,0
184,7.666667,273.2048,244.5265,101.9081,0.0000,71.14180,256.110,0.0000000,0.000000,6.2846,0.0000,768.04219,0.00000,-0.005850,0.000000,0
185,7.708333,276.1754,246.8465,103.7645,0.0000,71.40366,257.053,0.0000000,0.000000,6.2846,0.0000,776.29389,0.00000,-0.005850,0.000000,0
186,7.750000,279.1570,249.1750,105.6276,0.0000,71.66552,257.996,0.0000000,0.000000,6.2846,0.0000,784.57593,0.00000,-0.005850,0.000000,0
187,7.791667,282.1494,251.5121,107.4976,0.0000,71.92738,258.939,0.0000000,0.000000,6.2846,0.0000,792.88829,0.00000,-0.005850,0.000000,0
188,7.833333,285.1528,253.8577,109.3745,0.0000,72.18924,259.881,0.0000000,0.000000,6.2846,0.0000,801.23098,0.00000,-0.005850,0.000000,0
189,7.875000,288.1671,256.2118,111.2581,0.0000,72.45110,260.824,0.0000000,0.000000,6.2846,0.0000,809.60400,0.00000,-0.005850,0.000000,0
190,7.916667,291.1923,258.5744,113.1486,0.0000,72.71296,261.767,0.0000000,0.000000,6.2846,0.0000,818.00734,0.00000,-0.005850,0.000000,0
191,7.958333,294.2284,260.9456,115.0459,0.0000,72.97482,262.709,0.0000000,0.000000,6.2846,0.0000,826.44101,0.00000,-0.005850,0.000000,0
192,8.000000,297.2754,263.3253,116.9500,0.0000,73.23668,263.652,0.0000000,0.000000,6.2847,0.0000,834.90500,0.00000,-0.005850,0.000000,0
193,8.041667,300.3334,265.7135,118.8609,0.0000,73.49854,264.595,0.0000000,0.000000,6.2847,0.0000,843.39931,0.00000,-0.005850,0.000000,0
194,8.083333,303.4023,268.1102,120.7787,0.0000,73.76040,265.537,0.0000000,0.000000,6.2847,0.0000,851.92397,0.00000,-0.005850,0.000000,0
195,8.125000,306.4821,270.5155,122.7033,0.0000,74.02226,266.480,0.0000000,0.000000,6.2847,0.0000,860.47895,0.00000,-0.005850,0.000000,0
196,8.166667,309.5728,272.9293,124.6347,0.0000,74.28412,267.423,0.0000000,0.000000,6.2847,0.0000,869.06424,0.00000,-0.005850,0.000000,0
197,8.208333,312.6744,275.3516,126.5729,0.0000,74.54599,268.366,0.0000000,0.000000,6.2847,0.0000,877.67988,0.00000,-0.005850,0.000000,0
198,8.250000,315.7869,277.7824,128.5180,0.0000,74.80785,269.308,0.0000000,0.000000,6.2847,0.0000,886.32583,0.00000,-0.005850,0.000000,0
199,8.291667,318.9104,280.2218,130.4698,0.0000,75.06971,270.251,0.0000000,0.000000,6.2847,0.0000,895.00211,0.00000,-0.005850,0.000000,0
200,8.333333,322.0448,282.6697,132.4285,0.0000,75.33157,271.194,0.0000000,0.000000,6.2847,0.0000,903.70871,0.00000,-0.005850,0.000000,0
201,8.375000,325.1901,285.1261,134.3941,0.0000,75.59344,272.136,0.0000000,0.000000,6.2847,0.0000,912.44565,0.00000,-0.005850,0.000000,0
202,8.416667,328.3463,287.5911,136.3664,0.0000,75.85530,273.079,0.0000000,0.000000,6.2847,0.0000,921.21289,0.00000,-0.005850,0.000000,0
203,8.458333,331.5134,290.0645,138.3456,0.0000,76.11716,274.022,0.0000000,0.000000,6.2847,0.0000,930.01050,0.00000,-0.005850,0.000000,0
204,8.500000,334.6915,292.5465,140.3315,0.0000,76.37903,274.964,0.0000000,0.000000,6.2847,0.0000,938.83841,0.00000,-0.005850,0.000000,0
205,8.541667,337.8804,295.0371,142.3244,0.0000,76.64089,275.907,0.0000000,0.000000,6.2847,0.0000,947.69664,0.00000,-0.005850,0.000000,0
206,8.583333,341.0803,297.5361,144.3240,0.0000,76.90275,276.850,0.0000000,0.000000,6.2847,0.0000,956.58520,0.00000,-0.005850,0.000000,0
207,8.625000,344.2911,300.0437,146.3304,0.0000,77.16462,277.793,0.0000000,0.000000,6.2847,0.0000,965.50410,0.00000,-0.005850,0.000000,0
208,8.666667,347.5128,302.5598,148.3437,0.0000,77.42648,278.735,0.0000000,0.000000,6.2848,0.0000,974.45333,0.00000,-0.005850,0.000000,0
209,8.708333,350.7455,305.0845,150.3638,0.0000,77.68835,279.678,0.0000000,0.000000,6.2848,0.0000,983.43287,0.00000,-0.005850,0.000000,0
210,8.750000,353.9890,307.6176,152.3907,0.0000,77.95021,280.621,0.0000000,0.000000,6.2848,0.0000,992.44274,0.00000,-0.005850,0.000000,0
211,8.791667,357.2435,310.1593,154.4245,0.0000,78.21208,281.563,0.0000000,0.000000,6.2848,0.0000,1001.48294,0.00000,-0.005850,0.000000,0
212,8.833333,360.5089,312.7095,156.4650,0.0000,78.47394,282.506,0.0000000,0.000000,6.2848,0.0000,1010.55346,0.00000,-0.005850,0.000000,0
213,8.875000,363.7852,315.2683,158.5124,0.0000,78.73581,283.449,0.0000000,0.000000,6.2848,0.0000,1019.65431,0.00000,-0.005850,0.000000,0
214,8.916667,367.0724,317.8355,160.5666,0.0000,78.99767,284.392,0.0000000,0.000000,6.2848,0.0000,1028.78548,0.00000,-0.005850,0.000000,0
215,8.958333,370.3706,320.4113,162.6277,0.0000,79.25954,285.334,0.0000000,0.000000,6.2848,0.0000,1037.94698,0.00000,-0.005850,0.000000,0
216,9.000000,373.6796,322.9956,164.6955,0.0000,79.52141,286.277,0.0000000,0.000000,6.2848,0.0000,1047.13882,0.00000,-0.005850,0.000000,0
217,9.041667,376.9996,325.5885,166.7702,0.0000,79.78327,287.220,0.0000000,0.000000,6.2848,0.0000,1056.36098,0.00000,-0.005850,0.000000,0
218,9.083333,380.3305,328.1899,168.8517,0.0000,80.04514,288.163,0.0000000,0.000000,145.2674,0.0000,1065.61346,0.00000,-0.027925,0.000000,0
219,9.125000,383.9319,330.9718,171.1389,0.0000,91.88889,330.800,0.0000000,0.698132,142.1250,0.0000,1075.61730,0.00000,-0.027925,0.000000,0
220,9.166667,387.7606,333.9048,173.6000,0.0000,91.88889,330.800,0.0000000,0.698132,-0.0000,0.0000,1086.25259,0.00000,0.000000,0.000000,0
221,9.208333,391.5893,336.8377,176.0610,0.0000,91.88889,330.800,0.0000000,0.698132,0.0000,0.0000,1096.88788,0.00000,-0.000000,0.000000,0
222,9.250000,395.4180,339.7707,178.5220,0.0000,91.88889,330.800,0.0000000,0.698132,0.0000,0.0000,1107.52316,0.00000,-0.000000,0.000000,0
223,9.291667,399.2467,342.7037,180.9831,0.0000,91.88889,330.800,0.0000000,0.698132,-0.0000,0.0000,1118.15845,0.00000,0.000000,0.000000,0
224,9.333333,403.0754,345.6366,183.4441,0.0000,91.88889,330.800,0.0000000,0.698132,0.0000,0.0000,1128.79374,0.00000,-0.000000,0.000000,0
225,9.375000,406.9041,348.5696,185.9052,0.0000,91.88889,330.800,0.0000000,0.698132,0.0000,0.0000,1139.42903,0.00000,-0.000000,0.000000,0
226,9.416667,410.7328,351.5025,188.3662,0.0000,91.88889,330.800,0.0000000,0.698132,-0.0000,0.0000,1150.06432,0.00000,0.000000,0.000000,0
227,9.458333,414.5615,354.4355,190.8273,0.0000,91.88889,330.800,0.0000000,0.698132,0.0000,0.0000,1160.69960,0.00000,-0.000000,0.000000,0
228,9.500000,418.3902,357.3684,193.2883,0.0000,91.88889,330.800,0.0000000,0.698132,0.0000,0.0000,1171.33489,0.00000,-0.000000,0.000000,0
229,9.541667,422.2189,360.3014,195.7494,0.0000,91.88889,330.800,0.0000000,0.698132,-0.0000,0.0000,1181.97018,0.00000,0.000000,0.000000,0
230,9.583333,426.0476,363.2344,198.2104,0.0000,91.88889,330.800,0.0000000,0.698132,0.0000,0.0000,1192.60547,0.00000,-0.000000,0.000000,0
231,9.625000,429.8763,366.1673,200.6714,0.0000,91.88889,330.800,0.0000000,0.698132,0.0000,0.0000,1203.24076,0.00000,-0.000000,0.000000,0
232,9.666667,433.7050,369.1003,203.1325,0.0000,91.88889,330.800,0.0000000,0.698132,-0.0000,0.0000,1213.87604,0.00000,0.000000,0.000000,0
233,9.708333,437.5337,372.0332,205.5935,0.0000,91.88889,330.800,0.0000000,0.698132,0.0000,0.0000,1224.51133,0.00000,-0.000000,0.000000,0
234,9.750000,441.3624,374.9662,208.0546,0.0000,91.88889,330.800,0.0000000,0.698132,0.0000,0.0000,1235.14662,0.00000,-0.000000,0.000000,0
235,9.791667,445.1911,377.8991,210.5156,0.0000,91.88889,330.800,0.0000000,0.698132,-0.0000,0.0000,1245.78191,0.00000,0.000000,0.000000,0
236,9.833333,449.0198,380.8321,212.9767,0.0000,91.88889,330.800,0.0000000,0.698132,0.0000,0.0000,1256.41720,0.00000,-0.000000,0.000000,0
237,9.875000,452.8485,383.7651,215.4377,0.0000,91.88889,330.800,0.0000000,0.698132,0.0000,0.0000,1267.05248,0.00000,-0.000000,0.000000,0
238,9.916667,456.6772,386.6980,217.8987,0.0000,91.88889,330.800,0.0000000,0.698132,-0.0000,0.0000,1277.68777,0.00000,0.000000,0.000000,0
239,9.958333,460.5059,389.6310,220.3598,0.0000,91.88889,330.800,0.0000000,0.698132,0.0000,0.0000,1288.32306,0.00000,-0.000000,0.000000,0
240,10.000000,464.3346,392.5639,222.8208,0.0000,91.88889,330.800,0.0000000,0.698132,0.0000,0.0000,1298.95835,0.00000,-0.000000,0.000000,0
241,10.041667,468.1634,395.4969,225.2819,0.0000,91.88889,330.800,0.0000000,0.698132,-0.0000,0.0000,1309.59364,0.00000,0.000000,0.000000,0
242,10.083333,471.9921,398.4298,227.7429,0.0000,91.88889,330.800,0.0000000,0.698132,0.0000,0.0000,1320.22892,0.00000,-0.000000,0.000000,0
243,10.125000,475.8208,401.3628,230.2040,0.0000,91.88889,330.800,0.0000000,0.698132,0.0000,0.0000,1330.86421,0.00000,-0.000000,0.000000,0
244,10.166667,479.6495,404.2958,232.6650,0.0000,91.88889,330.800,0.0000000,0.698132,-0.0000,0.0000,1341.49950,0.00000,0.000000,0.000000,0
245,10.208333,483.4782,407.2287,235.1260,0.0000,91.88889,330.800,0.0000000,0.698132,0.0000,0.0000,1352.13479,0.00000,-0.000000,0.000000,0
246,10.250000,487.3069,410.1617,237.5871,0.0000,91.88889,330.800,0.0000000,0.698132,0.0000,0.0000,1362.77008,0.00000,-0.000000,0.000000,0
247,10.291667,491.1356,413.0946,240.0481,0.0000,91.88889,330.800,0.0000000,0.698132,-0.0000,0.0000,1373.40537,0.00000,0.000000,0.000000,0
248,10.333333,494.9643,416.0276,242.5092,0.0000,91.88889,330.800,0.0000000,0.698132,0.0000,0.0000,1384.04065,0.00000,-0.000000,0.000000,0
249,10.375000,498.7930,418.9605,244.9702,0.0000,91.88889,330.800,0.0000000,0.698132,0.0000,0.0000,1394.67594,0.00000,-0.000000,0.000000,0
250,10.416667,502.6217,421.8935,247.4313,0.0000,91.88889,330.800,0.0000000,0.698132,-0.0000,0.0000,1405.31123,0.00000,0.000000,0.000000,0
251,10.458333,506.4504,424.8265,249.8923,0.0000,91.88889,330.800,0.0000000,0.698132,0.0000,0.0000,1415.94652,0.00000,-0.000000,0.000000,0
252,10.500000,510.2791,427.7594,252.3533,0.0000,91.88889,330.800,0.0000000,0.698132,0.0000,0.0000,1426.58181,0.00000,-0.000000,0.000000,0
253,10.541667,514.1078,430.6924,254.8144,0.0000,91.88889,330.800,0.0000000,0.698132,-0.0000,0.0000,1437.21709,0.00000,0.000000,0.000000,0
254,10.583333,517.9365,433.6253,257.2754,0.0000,91.88889,330.800,0.0000000,0.698132,0.0000,0.0000,1447.85238,0.00000,-0.000000,0.000000,0
255,10.625000,521.7652,436.5583,259.7365,0.0000,91.88889,330.800,0.0000000,0.698132,0.0000,0.0000,1458.48767,0.00000,-0.000000,0.000000,0
256,10.666667,525.5939,439.4912,262.1975,0.0000,91.88889,330.800,0.0000000,0.698132,-0.0000,0.0000,1469.12296,0.00000,0.000000,0.000000,0
257,10.708333,529.4226,442.4242,264.6586,0.0000,91.88889,330.800,0.0000000,0.698132,0.0000,0.0000,1479.75825,0.00000,-0.000000,0.000000,0
258,10.750000,533.2513,445.3572,267.1196,0.0000,91.88889,330.800,0.0000000,0.698132,0.0000,0.0000,1490.39353,0.00000,-0.000000,0.000000,0
259,10.791667,537.0800,448.2901,269.5806,0.0000,91.88889,330.800,0.0000000,0.698132,-13.4400,0.0000,1501.02882,0.00000,0.012510,0.000000,0
260,10.833333,540.8936,451.2115,272.0320,0.0000,90.76889,326.768,0.0000000,0.698132,-32.0322,0.0000,1511.62221,0.00000,0.027925,0.000000,0
261,10.875000,544.6454,454.0855,274.4436,0.0000,89.21954,321.190,0.0000000,0.698132,-36.7638,0.0000,1522.04384,0.00000,0.027925,0.000000,0
262,10.916667,548.3334,456.9107,276.8142,0.0000,87.70524,315.739,0.0000000,0.698132,-35.9392,0.0000,1532.28811,0.00000,0.027925,0.000000,0
263,10.958333,551.9589,459.6880,279.1446,0.0000,86.22461,310.409,0.0000000,0.698132,-35.1466,0.0000,1542.35906,0.00000,0.027925,0.000000,0
264,11.000000,555.5234,462.4186,281.4358,0.0000,84.77635,305.195,0.0000000,0.698132,-34.3845,0.0000,1552.26050,0.00000,0.027925,0.000000,0
265,11.041667,559.0282,465.1034,283.6887,0.0000,83.35924,300.093,0.0000000,0.698132,-33.6512,0.0000,1561.99613,0.00000,0.027925,0.000000,0
266,11.083333,562.4746,467.7435,285.9040,0.0000,81.97208,295.100,0.0000000,0.698132,-32.9456,0.0000,1571.56945,0.00000,0.027925,0.000000,0
267,11.125000,565.8639,470.3398,288.0826,0.0000,80.61377,290.210,0.0000000,0.698132,-32.2658,0.0000,1580.98396,0.00000,0.027925,0.000000,0
268,11.166667,569.1970,472.8932,290.2251,0.0000,79.28327,285.420,0.0000000,0.698132,-31.6109,0.0000,1590.24271,0.00000,0.027925,0.000000,0
269,11.208333,572.4753,475.4045,292.3323,0.0000,77.97953,280.726,0.0000000,0.698132,-30.9801,0.0000,1599.34905,0.00000,0.027925,0.000000,0
270,11.250000,575.6998,477.8746,294.4050,0.0000,76.70159,276.126,0.0000000,0.698132,-30.3720,0.0000,1608.30600,0.00000,0.027925,0.000000,0
271,11.291667,578.8716,480.3043,296.4438,0.0000,75.44853,271.615,0.0000000,0.698132,-29.7850,0.0000,1617.11654,0.00000,0.027725,0.000000,0
272,11.333333,581.9916,482.6944,298.4493,0.0000,74.21951,267.190,0.0000000,0.698132,-29.2189,0.0000,1625.78326,0.00000,0.027198,0.000000,0
273,11.375000,585.0609,485.0456,300.4222,0.0000,73.01362,262.849,0.0000000,0.698132,-28.6728,0.0000,1634.30918,0.00000,0.026690,0.000000,0
274,11.416667,588.0805,487.3587,302.3631,0.0000,71.83011,258.588,0.0000000,0.698132,-28.1452,0.0000,1642.69682,0.00000,0.026199,0.000000,0
275,11.458333,591.0512,489.6344,304.2726,0.0000,70.66819,254.405,0.0000000,0.698132,-27.6357,0.0000,1650.94867,0.00000,0.025724,0.000000,0
276,11.500000,593.9739,491.8733,306.1513,0.0000,69.52714,250.298,0.0000000,0.698132,-27.1436,0.0000,1659.06727,0.00000,0.025266,0.000000,0
277,11.541667,596.8495,494.0762,307.9997,0.0000,68.40623,246.262,0.0000000,0.698132,-26.6678,0.0000,1667.05503,0.00000,0.024824,0.000000,0
278,11.583333,599.6787,496.2435,309.8183,0.0000,67.30482,242.297,0.0000000,0.698132,-26.2078,0.0000,1674.91410,0.00000,0.024395,0.000000,0
279,11.625000,602.4625,498.3760,311.6077,0.0000,66.22225,238.400,0.0000000,0.698132,-25.7631,0.0000,1682.64678,0.00000,0.023981,0.000000,0
280,11.666667,605.2015,500.4742,313.3683,0.0000,65.15790,234.568,0.0000000,0.698132,-25.3330,0.0000,1690.25525,0.00000,0.023581,0.000000,0
281,11.708333,607.8966,502.5388,315.1007,0.0000,64.11116,230.800,0.0000000,0.698132,-24.9166,0.0000,1697.74162,0.00000,0.023193,0.000000,0
282,11.750000,610.5484,504.5702,316.8052,0.0000,63.08152,227.093,0.0000000,0.698132,-24.5136,0.0000,1705.10768,0.00000,0.022818,0.000000,0
283,11.791667,613.1577,506.5690,318.4824,0.0000,62.06836,223.446,0.0000000,0.698132,-24.1236,0.0000,1712.35568,0.00000,0.022455,0.000000,0
284,11.833333,615.7250,508.5357,320.1327,0.0000,61.07122,219.856,0.0000000,0.698132,-23.7457,0.0000,1719.48720,0.00000,0.022103,0.000000,0
285,11.875000,618.2512,510.4708,321.7565,0.0000,60.08955,216.322,0.0000000,0.698132,-23.3799,0.0000,1726.50428,0.00000,0.021763,0.000000,0
286,11.916667,620.7368,512.3749,323.3542,0.0000,59.12289,212.842,0.0000000,0.698132,-23.0255,0.0000,1733.40864,0.00000,0.021433,0.000000,0
287,11.958333,623.1824,514.2483,324.9262,0.0000,58.17076,209.415,0.0000000,0.698132,-22.6820,0.0000,1740.20200,0.00000,0.021113,0.000000,0
288,12.000000,625.5886,516.0916,326.4729,0.0000,57.23272,206.038,0.0000000,0.698132,-22.3489,0.0000,1746.88596,0.00000,0.020803,0.000000,0
289,12.041667,627.9560,517.9052,327.9946,0.0000,56.30835,202.710,0.0000000,0.698132,-22.0260,0.0000,1753.46210,0.00000,0.020503,0.000000,0
290,12.083333,630.2852,519.6894,329.4918,0.0000,55.39722,199.430,0.0000000,0.698132,-18.4332,0.0000,1759.93206,0.00000,0.017158,0.000000,0
291,12.125000,632.5776,521.4428,330.9703,0.0000,54.77226,197.180,0.0100000,0.705108,-7.4996,30.0000,1766.29988,0.02800,0.006981,0.016290,0
292,12.166667,634.8589,523.1631,332.4685,0.0000,54.77226,197.180,0.0100000,0.727921,0.0000,30.0000,1772.63694,0.02800,-0.000000,0.016290,0
293,12.208333,637.1403,524.8488,334.0057,0.0000,54.77226,197.180,0.0100000,0.750735,0.0000,30.0000,1778.97400,0.02800,-0.000000,0.016290,0
294,12.250000,639.4216,526.4990,335.5808,0.0000,54.77226,197.180,0.0100000,0.773548,0.0000,30.0000,1785.31107,0.02800,-0.000000,0.016290,0
295,12.291667,641.7030,528.1128,337.1933,0.0000,54.77226,197.180,0.0100000,0.796361,0.0000,30.0000,1791.64813,0.02800,-0.000000,0.016290,0
296,12.333333,643.9843,529.6894,338.8421,0.0000,54.77226,197.180,0.0100000,0.819175,0.0000,30.0000,1797.98519,0.02800,-0.000000,0.016290,0
297,12.375000,646.2657,531.2281,340.5264,0.0000,54.77226,197.180,0.0100000,0.841988,0.0000,30.0000,1804.32225,0.02800,-0.000000,0.016290,0
298,12.416667,648.5470,532.7278,342.2454,0.0000,54.77226,197.180,0.0100000,0.864802,0.0000,30.0000,1810.65932,0.02800,-0.000000,0.016290,0
299,12.458333,650.8283,534.1880,343.9981,0.0000,54.77226,197.180,0.0100000,0.887615,0.0000,30.0000,1816.99638,0.02800,-0.000000,0.016290,0
300,12.500000,653.1097,535.6079,345.7837,0.0000,54.77226,197.180,0.0100000,0.910429,0.0000,30.0000,1823.33344,0.02800,-0.000000,0.016290,0
301,12.541667,655.3910,536.9866,347.6013,0.0000,54.77226,197.180,0.0100000,0.933242,0.0000,30.0000,1829.67050,0.02800,-0.000000,0.016290,0
302,12.583333,657.6724,538.3235,349.4498,0.0000,54.77226,197.180,0.0100000,0.956055,0.0000,30.0000,1836.00757,0.02800,-0.000000,0.016290,0
303,12.625000,659.9537,539.6179,351.3283,0.0000,54.77226,197.180,0.0100000,0.978869,0.0000,30.0000,1842.34463,0.02800,-0.000000,0.016290,0
304,12.666667,662.2351,540.8690,353.2359,0.0000,54.77226,197.180,0.0100000,1.001682,0.0000,30.0000,1848.68169,0.02800,-0.000000,0.016290,0
305,12.708333,664.5164,542.0764,355.1715,0.0000,54.77226,197.180,0.0100000,1.024496,0.0000,30.0000,1855.01875,0.02800,-0.000000,0.016290,0
306,12.750000,666.7977,543.2393,357.1341,0.0000,54.77226,197.180,0.0100000,1.047309,0.0000,30.0000,1861.35581,0.02800,-0.000000,0.016290,0
307,12.791667,669.0791,544.3571,359.1228,0.0000,54.77226,197.180,0.0100000,1.070122,0.0000,30.0000,1867.69288,0.02800,-0.000000,0.016290,0
308,12.833333,671.3604,545.4293,361.1364,0.0000,54.77226,197.180,0.0100000,1.092936,0.0000,30.0000,1874.02994,0.02800,-0.000000,0.016290,0
309,12.875000,673.6418,546.4552,363.1740,0.0000,54.77226,197.180,0.0100000,1.115749,0.0000,30.0000,1880.36700,0.02800,-0.000000,0.016290,0
310,12.916667,675.9231,547.4344,365.2345,0.0000,54.77226,197.180,0.0100000,1.138563,0.0000,30.0000,1886.70406,0.02800,-0.000000,0.016290,0
311,12.958333,678.2044,548.3664,367.3167,0.0000,54.77226,197.180,0.0100000,1.161376,0.0000,30.0000,1893.04113,0.02800,-0.000000,0.016290,0
312,13.000000,680.4858,549.2505,369.4197,0.0000,54.77226,197.180,0.0100000,1.184190,0.0000,30.0000,1899.37819,0.02800,-0.000000,0.016290,0
313,13.041667,682.7671,550.0866,371.5423,0.0000,54.77226,197.180,0.0100000,1.207003,0.0000,30.0000,1905.71525,0.02800,-0.000000,0.016290,0
314,13.083333,685.0485,550.8739,373.6834,0.0000,54.77226,197.180,0.0100000,1.229816,0.0000,30.0000,1912.05231,0.02800,-0.000000,0.016290,0
315,13.125000,687.3298,551.6123,375.8419,0.0000,54.77226,197.180,0.0100000,1.252630,0.0000,30.0000,1918.38938,0.02800,-0.000000,0.016290,0
316,13.166667,689.6112,552.3012,378.0167,0.0000,54.77226,197.180,0.0100000,1.275443,0.0000,30.0000,1924.72644,0.02800,-0.000000,0.016290,0
317,13.208333,691.8925,552.9402,380.2066,0.0000,54.77226,197.180,0.0100000,1.298257,0.0000,30.0000,1931.06350,0.02800,-0.000000,0.016290,0
318,13.250000,694.1738,553.5292,382.4106,0.0000,54.77226,197.180,0.0100000,1.321070,0.0000,30.0000,1937.40056,0.02800,-0.000000,0.016290,0
319,13.291667,696.4552,554.0677,384.6274,0.0000,54.77226,197.180,0.0100000,1.343884,0.0000,30.0000,1943.73763,0.02800,-0.000000,0.016290,0
320,13.333333,698.7365,554.5556,386.8559,0.0000,54.77226,197.180,0.0100000,1.366697,0.0000,30.0000,1950.07469,0.02800,-0.000000,0.016290,0
321,13.375000,701.0179,554.9924,389.0950,0.0000,54.77226,197.180,0.0100000,1.389510,0.0000,30.0000,1956.41175,0.02800,-0.000000,0.016290,0
322,13.416667,703.2992,555.3781,391.3435,0.0000,54.77226,197.180,0.0100000,1.412324,0.0000,30.0000,1962.74881,0.02800,-0.000000,0.016290,0
323,13.458333,705.5806,555.7125,393.6001,0.0000,54.77226,197.180,0.0100000,1.435137,0.0000,30.0000,1969.08588,0.02800,-0.000000,0.016290,0
324,13.500000,707.8619,555.9952,395.8638,0.0000,54.77226,197.180,0.0100000,1.457951,0.0000,30.0000,1975.42294,0.02800,-0.000000,0.016290,0
325,13.541667,710.1432,556.2262,398.1334,0.0000,54.77226,197.180,0.0100000,1.480764,0.0000,30.0000,1981.76000,0.02800,-0.000000,0.016290,0
326,13.583333,712.4246,556.4053,400.4076,0.0000,54.77226,197.180,0.0100000,1.503578,0.0000,30.0000,1988.09706,0.02800,-0.000000,0.016290,0
327,13.625000,714.7059,556.5326,402.6854,0.0000,54.77226,197.180,0.0100000,1.526391,0.0000,30.0000,1994.43412,0.02800,-0.000000,0.016290,0
328,13.666667,716.9873,556.6079,404.9654,0.0000,54.77226,197.180,0.0100000,1.549204,0.0000,30.0000,2000.77119,0.02800,-0.000000,0.016290,0
329,13.708333,719.2686,556.6311,407.2466,0.0000,54.77226,197.180,0.0100000,1.572018,0.0000,30.0000,2007.10825,0.02800,-0.000000,0.016290,0
330,13.750000,721.5500,556.6023,409.5277,0.0000,54.77226,197.180,0.0100000,1.594831,0.0000,30.0000,2013.44531,0.02800,-0.000000,0.016290,0
331,13.791667,723.8313,556.5215,411.8076,0.0000,54.77226,197.180,0.0100000,1.617645,0.0000,30.0000,2019.78237,0.02800,-0.000000,0.016290,0
332,13.833333,726.1126,556.3887,414.0850,0.0000,54.77226,197.180,0.0100000,1.640458,0.0000,30.0000,2026.11944,0.02800,-0.000000,0.016290,0
333,13.875000,728.3940,556.2039,416.3588,0.0000,54.77226,197.180,0.0100000,1.663272,0.0000,30.0000,2032.45650,0.02800,-0.000000,0.016290,0
334,13.916667,730.6753,555.9673,418.6278,0.0000,54.77226,197.180,0.0100000,1.686085,0.0000,30.0000,2038.79356,0.02800,-0.000000,0.016290,0
335,13.958333,732.9567,555.6791,420.8908,0.0000,54.77226,197.180,0.0100000,1.708898,0.0000,30.0000,2045.13062,0.02800,-0.000000,0.016290,0
336,14.000000,735.2380,555.3393,423.1466,0.0000,54.77226,197.180,0.0100000,1.731712,0.0000,30.0000,2051.46769,0.02800,-0.000000,0.016290,0
337,14.041667,737.5194,554.9481,425.3941,0.0000,54.77226,197.180,0.0100000,1.754525,0.0000,30.0000,2057.80475,0.02800,-0.000000,0.016290,0
338,14.083333,739.8007,554.5058,427.6321,0.0000,54.77226,197.180,0.0100000,1.777339,5.7782,30.0000,2064.14181,0.02800,-0.005379,0.016290,0
339,14.125000,742.0916,554.0239,429.8674,0.0000,55.25377,198.914,0.0000000,1.780236,11.5712,0.0000,2070.50531,0.00000,-0.010771,0.000000,0
340,14.166667,744.4028,553.5434,432.1282,0.0000,55.73652,200.651,0.0000000,1.780236,11.4998,0.0000,2076.92546,0.00000,-0.010704,0.000000,0
341,14.208333,746.7340,553.0587,434.4085,0.0000,56.21209,202.364,0.0000000,1.780236,11.3295,0.0000,2083.40110,0.00000,-0.010546,0.000000,0
342,14.250000,749.0849,552.5699,436.7080,0.0000,56.68065,204.050,0.0000000,1.780236,11.1630,0.0000,2089.93136,0.00000,-0.010391,0.000000,0
343,14.291667,751.4553,552.0771,439.0265,0.0000,57.14234,205.712,0.0000000,1.780236,11.0005,0.0000,2096.51565,0.00000,-0.010240,0.000000,0
344,14.333333,753.8447,551.5803,441.3637,0.0000,57.59736,207.350,0.0000000,1.780236,10.8418,0.0000,2103.15292,0.00000,-0.010092,0.000000,0
345,14.375000,756.2530,551.0796,443.7194,0.0000,58.04582,208.965,0.0000000,1.780236,10.6866,0.0000,2109.84266,0.00000,-0.009948,0.000000,0
346,14.416667,758.6799,550.5750,446.0932,0.0000,58.48791,210.556,0.0000000,1.780236,10.5351,0.0000,2116.58394,0.00000,-0.009807,0.000000,0
347,14.458333,761.1250,550.0667,448.4850,0.0000,58.92375,212.125,0.0000000,1.780236,10.3868,0.0000,2123.37604,0.00000,-0.009668,0.000000,0
348,14.500000,763.5882,549.5545,450.8943,0.0000,59.35348,213.673,0.0000000,1.780236,10.2416,0.0000,2130.21829,0.00000,-0.009533,0.000000,0
349,14.541667,766.0693,549.0387,453.3212,0.0000,59.77722,215.198,0.0000000,1.780236,10.0995,0.0000,2137.11003,0.00000,-0.009401,0.000000,0
350,14.583333,768.5678,548.5192,455.7651,0.0000,60.19510,216.702,0.0000000,1.780236,9.9605,0.0000,2144.05051,0.00000,-0.009272,0.000000,0
351,14.625000,771.0837,547.9961,458.2260,0.0000,60.60726,218.186,0.0000000,1.780236,9.8242,0.0000,2151.03906,0.00000,-0.009145,0.000000,0
352,14.666667,773.6167,547.4695,460.7036,0.0000,61.01379,219.650,0.0000000,1.780236,9.6907,0.0000,2158.07506,0.00000,-0.009020,0.000000,0
353,14.708333,776.1665,546.9394,463.1977,0.0000,61.41481,221.093,0.0000000,1.780236,0.8307,0.0000,2165.15785,0.00000,-0.000773,0.000000,0
354,14.750000,778.7263,546.4071,465.7016,0.0000,61.08301,219.899,0.0000000,1.780236,-10.3417,0.0000,2172.26849,0.00000,0.009626,0.000000,0
355,14.791667,781.2584,545.8810,468.1811,0.0000,60.55301,217.991,0.0090909,1.790854,-6.3601,33.3333,2179.30197,0.02545,0.005920,0.018100,0
356,14.833333,783.7856,545.3011,470.6409,0.0000,60.55301,217.991,0.0090909,1.813829,0.0000,33.3333,2186.32211,0.02545,-0.000000,0.018100,0
357,14.875000,786.3129,544.6648,473.0866,0.0000,60.55301,217.991,0.0090909,1.836804,0.0000,33.3333,2193.34225,0.02545,-0.000000,0.018100,0
358,14.916667,788.8401,543.9725,475.5172,0.0000,60.55301,217.991,0.0090909,1.859779,0.0000,33.3333,2200.36239,0.02545,-0.000000,0.018100,0
359,14.958333,791.3674,543.2246,477.9311,0.0000,60.55301,217.991,0.0090909,1.882754,0.0000,33.3333,2207.38253,0.02545,-0.000000,0.018100,0
360,15.000000,793.8946,542.4213,480.3273,0.0000,60.55301,217.991,0.0090909,1.905729,0.0000,33.3333,2214.40267,0.02545,-0.000000,0.018100,0
361,15.041667,796.4219,541.5632,482.7043,0.0000,60.55301,217.991,0.0090909,1.928704,0.0000,33.3333,2221.42281,0.02545,-0.000000,0.018100,0
362,15.083333,798.9491,540.6508,485.0611,0.0000,60.55301,217.991,0.0090909,1.951679,0.0000,33.3333,2228.44294,0.02545,-0.000000,0.018100,0
363,15.125000,801.4764,539.6844,487.3962,0.0000,60.55301,217.991,0.0090909,1.974654,0.0000,33.3333,2235.46308,0.02545,-0.000000,0.018100,0
364,15.166667,804.0036,538.6647,489.7085,0.0000,60.55301,217.991,0.0090909,1.997629,0.0000,33.3333,2242.48322,0.02545,-0.000000,0.018100,0
365,15.208333,806.5309,537.5921,491.9968,0.0000,60.55301,217.991,0.0090909,2.020604,0.0000,33.3333,2249.50336,0.02545,-0.000000,0.018100,0
366,15.250000,809.0581,536.4672,494.2598,0.0000,60.55301,217.991,0.0090909,2.043579,0.0000,33.3333,2256.52350,0.02545,-0.000000,0.018100,0
367,15.291667,811.5854,535.2907,496.4965,0.0000,60.55301,217.991,0.0090909,2.066554,0.0000,33.3333,2263.54364,0.02545,-0.000000,0.018100,0
368,15.333333,814.1126,534.0631,498.7055,-0.0001,60.55301,217.991,0.0090909,2.089529,0.0000,33.3333,2270.56378,0.02545,-0.000000,0.018100,0
369,15.375000,816.6399,532.7850,500.8857,-0.0003,60.55301,217.991,0.0090909,2.112504,0.0000,33.3333,2277.58392,0.02545,-0.000000,0.018100,0
370,15.416667,819.1671,531.4572,503.0359,-0.0007,60.55301,217.991,0.0090909,2.135479,0.0000,33.3333,2284.60405,0.02545,-0.000000,0.018100,0
371,15.458333,821.6944,530.0803,505.1551,-0.0013,60.55301,217.991,0.0090909,2.158454,0.0000,33.3333,2291.62419,0.02545,-0.000000,0.018100,0
372,15.500000,824.2216,528.6551,507.2421,-0.0020,60.55301,217.991,0.0090909,2.181429,0.0000,33.3333,2298.64433,0.02545,-0.000000,0.018100,0
373,15.541667,826.7489,527.1824,509.2958,-0.0029,60.55301,217.991,0.0090909,2.204404,0.0000,33.3333,2305.66447,0.02545,-0.000000,0.018100,0
374,15.583333,829.2761,525.6628,511.3151,-0.0040,60.55301,217.991,0.0090909,2.227379,0.0000,33.3333,2312.68461,0.02545,-0.000000,0.018100,0
375,15.625000,831.8034,524.0973,513.2990,-0.0053,60.55301,217.991,0.0090909,2.250354,0.0000,33.3333,2319.70475,0.02545,-0.000000,0.018100,0
376,15.666667,834.3306,522.4866,515.2464,-0.0067,60.55301,217.991,0.0090909,2.273329,0.0000,33.3333,2326.72489,0.02545,-0.000000,0.018100,0
377,15.708333,836.8579,520.8316,517.1563,-0.0083,60.55301,217.991,0.0090909,2.296304,3.7779,33.3333,2333.74503,0.02545,-0.003517,0.018100,0
378,15.750000,839.3870,519.1420,519.0339,-0.0100,60.86783,219.124,0.0000000,2.303835,8.6176,0.0000,2340.77044,0.00000,-0.008022,0.000000,0
379,15.791667,841.9312,517.4396,520.9246,-0.0120,61.27114,220.576,0.0000000,2.303835,9.6144,0.0000,2347.83762,0.00000,-0.008950,0.000000,0
380,15.833333,844.4921,515.7260,522.8277,-0.0141,61.66904,222.009,0.0000000,2.303835,9.4857,0.0000,2354.95129,0.00000,-0.008830,0.000000,0
381,15.875000,847.0695,514.0014,524.7431,-0.0164,62.06162,223.422,0.0000000,2.303835,9.3597,0.0000,2362.11074,0.00000,-0.008712,0.000000,0
382,15.916667,849.6632,512.2659,526.6705,-0.0189,62.44901,224.816,0.0000000,2.303835,9.2359,0.0000,2369.31532,0.00000,-0.008597,0.000000,0
383,15.958333,852.2729,510.5197,528.6099,-0.0216,62.83128,226.193,0.0000000,2.303835,9.1145,0.0000,2376.56455,0.00000,-0.008484,0.000000,0
384,16.000000,854.8984,508.7628,530.5611,-0.0245,63.20855,227.551,0.0000000,2.303835,8.9954,0.0000,2383.85775,0.00000,-0.008373,0.000000,0
385,16.041667,857.5396,506.9955,532.5239,-0.0276,63.58090,228.891,0.0000000,2.303835,8.8786,0.0000,2391.19440,0.00000,-0.008265,0.000000,0
386,16.083333,860.1962,505.2179,534.4981,-0.0309,63.94843,230.214,0.0000000,2.303835,8.7637,0.0000,2398.57386,0.00000,-0.008158,0.000000,0
387,16.125000,862.8681,503.4301,536.4837,-0.0345,64.31121,231.520,0.0000000,2.303835,8.6509,0.0000,2405.99569,0.00000,-0.008053,0.000000,0
388,16.166667,865.5550,501.6322,538.4805,-0.0382,64.66934,232.810,0.0000000,2.303835,8.5403,0.0000,2413.45927,0.00000,-0.007950,0.000000,0
389,16.208333,868.2567,499.8244,540.4882,-0.0421,65.02290,234.082,0.0000000,2.303835,8.4315,0.0000,2420.96405,0.00000,-0.007848,0.000000,0
390,16.250000,870.9731,498.0068,542.5069,-0.0463,65.37197,235.339,0.0000000,2.303835,8.3246,0.0000,2428.50953,0.00000,-0.007749,0.000000,0
391,16.291667,873.7039,496.1795,544.5363,-0.0507,65.71662,236.580,0.0000000,2.303835,8.2195,0.0000,2436.09520,0.00000,-0.007651,0.000000,0
392,16.333333,876.4490,494.3427,546.5763,-0.0553,66.05693,237.805,0.0000000,2.303835,8.1162,0.0000,2443.72056,0.00000,-0.007555,0.000000,0
393,16.375000,879.2083,492.4964,548.6268,-0.0601,66.39297,239.015,0.0000000,2.303835,8.0146,0.0000,2451.38510,0.00000,-0.007460,0.000000,0
394,16.416667,881.9814,490.6408,550.6877,-0.0652,66.72481,240.209,0.0000000,2.303835,7.9147,0.0000,2459.08833,0.00000,-0.007367,0.000000,0
395,16.458333,884.7684,488.7760,552.7588,-0.0704,67.05253,241.389,0.0000000,2.303835,7.8164,0.0000,2466.82977,0.00000,-0.007276,0.000000,0
396,16.500000,887.5689,486.9021,554.8400,-0.0760,67.37618,242.554,0.0000000,2.303835,7.7198,0.0000,2474.60893,0.00000,-0.007186,0.000000,0
397,16.541667,890.3828,485.0192,556.9311,-0.0817,67.69584,243.705,0.0000000,2.303835,7.6247,0.0000,2482.42535,0.00000,-0.007097,0.000000,0
398,16.583333,893.2099,483.1274,559.0321,-0.0877,68.01158,244.842,0.0000000,2.303835,7.5308,0.0000,2490.27855,0.00000,-0.007010,0.000000,0
399,16.625000,896.0502,481.2269,561.1428,-0.0937,68.32341,245.964,0.0000000,2.303835,7.4380,0.0000,2498.16816,0.00000,-0.006924,0.000000,0
400,16.666667,898.9033,479.3178,563.2631,-0.0997,68.63141,247.073,0.0000000,2.303835,7.3466,0.0000,2506.09362,0.00000,-0.006839,0.000000,0
401,16.708333,901.7693,477.4001,565.3929,-0.1058,68.93562,248.168,0.0000000,2.303835,7.2566,0.0000,2514.05457,0.00000,-0.006755,0.000000,0
402,16.750000,904.6478,475.4740,567.5321,-0.1119,69.23612,249.250,0.0000000,2.303835,7.1680,0.0000,2522.05053,0.00000,-0.006672,0.000000,0
403,16.791667,907.5388,473.5395,569.6806,-0.1181,69.53296,250.319,0.0000000,2.303835,7.0808,0.0000,2530.08110,0.00000,-0.006591,0.000000,0
404,16.833333,910.4421,471.5968,571.8381,-0.1242,69.82619,251.374,0.0000000,2.303835,6.9948,0.0000,2538.14582,0.00000,-0.006511,0.000000,0
405,16.875000,913.3576,469.6460,574.0047,-0.1304,70.11586,252.417,0.0000000,2.303835,6.9101,0.0000,2546.24434,0.00000,-0.006432,0.000000,0
406,16.916667,916.2851,467.6872,576.1803,-0.1366,70.40203,253.447,0.0000000,2.303835,6.8268,0.0000,2554.37620,0.00000,-0.006355,0.000000,0
407,16.958333,919.2244,465.7204,578.3646,-0.1429,70.68476,254.465,0.0000000,2.303835,6.7446,0.0000,2562.54099,0.00000,-0.006278,0.000000,0
408,17.000000,922.1754,463.7457,580.5577,-0.1491,70.96408,255.471,0.0000000,2.303835,6.6636,0.0000,2570.73835,0.00000,-0.006203,0.000000,0
409,17.041667,925.1381,461.7633,582.7593,-0.1554,71.24005,256.464,0.0000000,2.303835,6.5838,0.0000,2578.96788,0.00000,-0.006128,0.000000,0
410,17.083333,928.1121,459.7733,584.9695,-0.1617,71.51273,257.446,0.0000000,2.303835,6.5051,0.0000,2587.22918,0.00000,-0.006055,0.000000,0
411,17.125000,931.0975,457.7757,587.1881,-0.1680,71.78215,258.416,0.0000000,2.303835,6.4276,0.0000,2595.52188,0.00000,-0.005983,0.000000,0
412,17.166667,934.0941,455.7706,589.4149,-0.1744,72.04836,259.374,0.0000000,2.303835,6.3511,0.0000,2603.84560,0.00000,-0.005912,0.000000,0
413,17.208333,937.1016,453.7582,591.6500,-0.1808,72.31141,260.321,0.0000000,2.303835,6.2758,0.0000,2612.19997,0.00000,-0.005842,0.000000,0
414,17.250000,940.1201,451.7384,593.8932,-0.1872,72.57134,261.257,0.0000000,2.303835,6.2015,0.0000,2620.58462,0.00000,-0.005773,0.000000,0
415,17.291667,943.1494,449.7114,596.1443,-0.1936,72.82820,262.182,0.0000000,2.303835,6.1282,0.0000,2628.99921,0.00000,-0.005704,0.000000,0
416,17.333333,946.1893,447.6774,598.4034,-0.2000,73.08203,263.095,0.0000000,2.303835,6.0560,0.0000,2637.44337,0.00000,-0.005637,0.000000,0
417,17.375000,949.2397,445.6362,600.6703,-0.2065,73.33286,263.998,0.0000000,2.303835,5.9847,0.0000,2645.91677,0.00000,-0.005571,0.000000,0
418,17.416667,952.3005,443.5881,602.9450,-0.2130,73.58075,264.891,0.0000000,2.303835,5.9144,0.0000,2654.41906,0.00000,-0.005505,0.000000,0
419,17.458333,955.3716,441.5332,605.2272,-0.2195,73.82573,265.773,0.0000000,2.303835,5.8451,0.0000,2662.94988,0.00000,-0.005441,0.000000,0
420,17.500000,958.4528,439.4714,607.5170,-0.2261,74.06784,266.644,0.0000000,2.303835,5.7767,0.0000,2671.50890,0.00000,-0.005377,0.000000,0
421,17.541667,961.5441,437.4029,609.8143,-0.2326,74.30712,267.506,0.0000000,2.303835,5.7092,0.0000,2680.09583,0.00000,-0.005314,0.000000,0
422,17.583333,964.6454,435.3278,612.1190,-0.2392,74.54361,268.357,0.0000000,2.303835,5.6427,0.0000,2688.71030,0.00000,-0.005252,0.000000,0
423,17.625000,967.7564,433.2461,614.4309,-0.2458,74.77734,269.198,0.0000000,2.303835,5.5770,0.0000,2697.35200,0.00000,-0.005191,0.000000,0
424,17.666667,970.8771,431.1580,616.7500,-0.2524,75.00836,270.030,0.0000000,2.303835,5.5122,0.0000,2706.02062,0.00000,-0.005131,0.000000,0
425,17.708333,974.0073,429.0634,619.0763,-0.2591,75.23669,270.852,0.0000000,2.303835,5.4482,0.0000,2714.71583,0.00000,-0.005071,0.000000,0
426,17.750000,977.1471,426.9625,621.4096,-0.2657,75.46238,271.665,0.0000000,2.303835,5.3851,0.0000,2723.43735,0.00000,-0.005013,0.000000,0
427,17.791667,980.2962,424.8554,623.7498,-0.2724,75.68545,272.468,0.0000000,2.303835,5.3228,0.0000,2732.18485,0.00000,-0.004955,0.000000,0
428,17.833333,983.4545,422.7420,626.0969,-0.2791,75.90595,273.261,0.0000000,2.303835,5.2613,0.0000,2740.95803,0.00000,-0.004897,0.000000,0
429,17.875000,986.6220,420.6225,628.4508,-0.2858,76.12390,274.046,0.0000000,2.303835,5.2006,0.0000,2749.75663,0.00000,-0.004841,0.000000,0
430,17.916667,989.7986,418.4970,630.8114,-0.2926,76.33933,274.822,0.0000000,2.303835,5.1408,0.0000,2758.58031,0.00000,-0.004785,0.000000,0
431,17.958333,992.9840,416.3656,633.1787,-0.2993,76.55229,275.588,0.0000000,2.303835,5.0816,0.0000,2767.42879,0.00000,-0.004730,0.000000,0
432,18.000000,996.1783,414.2282,635.5525,-0.3061,76.76280,276.346,0.0000000,2.303835,5.0232,0.0000,2776.30180,0.00000,-0.004676,0.000000,0
433,18.041667,999.3813,412.0849,637.9328,-0.3129,76.97090,277.095,0.0000000,2.303835,4.9656,0.0000,2785.19907,0.00000,-0.004622,0.000000,0
434,18.083333,1002.5929,409.9359,640.3195,-0.3197,77.17660,277.836,0.0000000,2.303835,4.9087,0.0000,2794.12029,0.00000,-0.004569,0.000000,0
435,18.125000,1005.8131,407.7812,642.7126,-0.3265,77.37996,278.568,0.0000000,2.303835,4.8526,0.0000,2803.06520,0.00000,-0.004517,0.000000,0
436,18.166667,1009.0417,405.6208,645.1119,-0.3334,77.58098,279.292,0.0000000,2.303835,4.7971,0.0000,2812.03352,0.00000,-0.004465,0.000000,0
437,18.208333,1012.2786,403.4549,647.5174,-0.3402,77.77971,280.007,0.0000000,2.303835,4.7423,0.0000,2821.02500,0.00000,-0.004414,0.000000,0
438,18.250000,1015.5238,401.2835,649.9290,-0.3471,77.97618,280.714,0.0000000,2.303835,4.6882,0.0000,2830.03937,0.00000,-0.004364,0.000000,0
439,18.291667,1018.7771,399.1066,652.3467,-0.3540,78.17040,281.413,0.0000000,2.303835,4.6348,0.0000,2839.07636,0.00000,-0.004314,0.000000,0
440,18.333333,1022.0385,396.9243,654.7704,-0.3609,78.36241,282.105,0.0000000,2.303835,4.5821,0.0000,2848.13571,0.00000,-0.004265,0.000000,0
441,18.375000,1025.3078,394.7367,657.2000,-0.3679,78.55224,282.788,0.0000000,2.303835,4.5300,0.0000,2857.21718,0.00000,-0.004217,0.000000,0
442,18.416667,1028.5850,392.5438,659.6354,-0.3748,78.73991,283.464,0.0000000,2.303835,4.4785,0.0000,2866.32051,0.00000,-0.004169,0.000000,0
443,18.458333,1031.8700,390.3457,662.0766,-0.3818,78.92545,284.132,0.0000000,2.303835,4.4277,0.0000,2875.44546,0.00000,-0.004121,0.000000,0
444,18.500000,1035.1627,388.1425,664.5235,-0.3888,79.10888,284.792,0.0000000,2.303835,4.3775,0.0000,2884.59176,0.00000,-0.004075,0.000000,0
445,18.541667,1038.4630,385.9342,666.9761,-0.3958,79.29024,285.445,0.0000000,2.303835,4.3279,0.0000,2893.75919,0.00000,-0.004029,0.000000,0
446,18.583333,1041.7707,383.7208,669.4343,-0.4028,79.46954,286.090,0.0000000,2.303835,4.2789,0.0000,2902.94752,0.00000,-0.003983,0.000000,0
447,18.625000,1045.0860,381.5025,671.8980,-0.4098,79.64682,286.729,0.0000000,2.303835,4.2306,0.0000,2912.15649,0.00000,-0.003938,0.000000,0
448,18.666667,1048.4086,379.2793,674.3672,-0.4169,79.82209,287.360,0.0000000,2.303835,4.1828,0.0000,2921.38588,0.00000,-0.003894,0.000000,0
449,18.708333,1051.7384,377.0512,676.8417,-0.4239,79.99539,287.983,0.0000000,2.303835,4.1356,0.0000,2930.63544,0.00000,-0.003850,0.000000,0
450,18.750000,1055.0754,374.8183,679.3216,-0.4310,80.16672,288.600,0.0000000,2.303835,4.0889,0.0000,2939.90498,0.00000,-0.003806,0.000000,0
451,18.791667,1058.4196,372.5806,681.8068,-0.4381,80.33613,289.210,0.0000000,2.303835,4.0429,0.0000,2949.19423,0.00000,-0.003763,0.000000,0
452,18.833333,1061.7707,370.3383,684.2972,-0.4452,80.50363,289.813,0.0000000,2.303835,3.9973,0.0000,2958.50300,0.00000,-0.003721,0.000000,0
453,18.875000,1065.1288,368.0912,686.7927,-0.4523,80.66924,290.409,0.0000000,2.303835,3.9524,0.0000,2967.83107,0.00000,-0.003679,0.000000,0
454,18.916667,1068.4938,365.8396,689.2934,-0.4595,80.83300,290.999,0.0000000,2.303835,3.9079,0.0000,2977.17819,0.00000,-0.003638,0.000000,0
455,18.958333,1071.8656,363.5835,691.7991,-0.4666,80.99490,291.582,0.0000000,2.303835,3.8640,0.0000,2986.54420,0.00000,-0.003597,0.000000,0
456,19.000000,1075.2440,361.3229,694.3098,-0.4738,81.15500,292.158,0.0000000,2.303835,3.8206,0.0000,2995.92882,0.00000,-0.003556,0.000000,0
457,19.041667,1078.6291,359.0578,696.8254,-0.4810,81.31329,292.728,0.0000000,2.303835,3.7778,0.0000,3005.33191,0.00000,-0.003517,0.000000,0
458,19.083333,1082.0208,356.7883,699.3459,-0.4882,81.46981,293.291,0.0000000,2.303835,3.7354,0.0000,3014.75321,0.00000,-0.003477,0.000000,0
459,19.125000,1085.4190,354.5145,701.8712,-0.4954,81.62458,293.848,0.0000000,2.303835,3.6936,0.0000,3024.19255,0.00000,-0.003438,0.000000,0
460,19.166667,1088.8235,352.2364,704.4013,-0.5026,81.77761,294.399,0.0000000,2.303835,3.6522,0.0000,3033.64970,0.00000,-0.003400,0.000000,0
461,19.208333,1092.2345,349.9540,706.9361,-0.5098,81.92893,294.944,0.0000000,2.303835,3.6113,0.0000,3043.12447,0.00000,-0.003362,0.000000,0
462,19.250000,1095.6517,347.6675,709.4756,-0.5171,82.07855,295.483,0.0000000,2.303835,3.5709,0.0000,3052.61669,0.00000,-0.003324,0.000000,0
463,19.291667,1099.0751,345.3768,712.0197,-0.5244,82.22651,296.015,0.0000000,2.303835,-0.1340,0.0000,3062.12613,0.00000,0.000125,0.000000,0
464,19.333333,1102.5037,343.0826,714.5679,-0.5316,82.06739,295.443,-0.0006102,2.303835,-3.0108,-4.1095,3071.65020,-0.00171,0.002803,-0.002231,0
465,19.375000,1105.9158,340.8270,717.1298,-0.5389,81.97561,295.112,-0.0071429,2.281096,-1.1014,-48.0000,3081.12827,-0.02000,0.001025,-0.024435,0
466,19.416667,1109.3273,338.6342,719.7431,-0.5461,81.97561,295.112,-0.0071429,2.256728,-0.0000,-48.0000,3090.60467,-0.02000,0.000000,-0.024435,0
467,19.458333,1112.7388,336.5057,722.4091,-0.5533,81.97561,295.112,-0.0071429,2.232360,0.0000,-48.0000,3100.08108,-0.02000,-0.000000,-0.024435,0
468,19.500000,1116.1503,334.4429,725.1262,-0.5606,81.97561,295.112,-0.0071429,2.207992,0.0000,-48.0000,3109.55749,-0.02000,-0.000000,-0.024435,0
469,19.541667,1119.5618,332.4469,727.8927,-0.5678,81.97561,295.112,-0.0071429,2.183624,-0.0000,-48.0000,3119.03389,-0.02000,0.000000,-0.024435,0
470,19.583333,1122.9734,330.5188,730.7070,-0.5750,81.97561,295.112,-0.0071429,2.159256,0.0000,-48.0000,3128.51030,-0.02000,-0.000000,-0.024435,0
471,19.625000,1126.3849,328.6599,733.5675,-0.5823,81.97561,295.112,-0.0071429,2.134888,0.0000,-48.0000,3137.98671,-0.02000,-0.000000,-0.024435,0
472,19.666667,1129.7964,326.8713,736.4724,-0.5895,81.97561,295.112,-0.0071429,2.110521,-0.0000,-48.0000,3147.46312,-0.02000,0.000000,-0.024435,0
473,19.708333,1133.2079,325.1539,739.4200,-0.5969,81.97561,295.112,-0.0071429,2.086153,0.0000,-48.0000,3156.93952,-0.02000,-0.000000,-0.024435,0
474,19.750000,1136.6194,323.5089,742.4086,-0.6056,81.97561,295.112,-0.0071429,2.061785,0.0000,-48.0000,3166.41593,-0.02000,-0.000000,-0.024435,0
475,19.791667,1140.0309,321.9372,745.4364,-0.6160,81.97561,295.112,-0.0071429,2.037417,-0.0000,-48.0000,3175.89234,-0.02000,0.000000,-0.024435,0
476,19.833333,1143.4424,320.4397,748.5016,-0.6280,81.97561,295.112,-0.0071429,2.013049,0.0000,-48.0000,3185.36874,-0.02000,-0.000000,-0.024435,0
477,19.875000,1146.8539,319.0174,751.6024,-0.6416,81.97561,295.112,-0.0071429,1.988681,0.0000,-48.0000,3194.84515,-0.02000,-0.000000,-0.024435,0
478,19.916667,1150.2654,317.6710,754.7369,-0.6570,81.97561,295.112,-0.0071429,1.964313,-0.0000,-48.0000,3204.32156,-0.02000,0.000000,-0.024435,0
479,19.958333,1153.6769,316.4014,757.9032,-0.6739,81.97561,295.112,-0.0071429,1.939945,0.0000,-48.0000,3213.79797,-0.02000,-0.000000,-0.024435,0
480,20.000000,1157.0884,315.2094,761.0996,-0.6926,81.97561,295.112,-0.0071429,1.915577,0.0000,-48.0000,3223.27437,-0.02000,-0.000000,-0.024435,0
481,20.041667,1160.4999,314.0956,764.3241,-0.7129,81.97561,295.112,-0.0071429,1.891209,-0.0000,-48.0000,3232.75078,-0.02000,0.000000,-0.024435,0
482,20.083333,1163.9114,313.0606,767.5747,-0.7348,81.97561,295.112,-0.0071429,1.866842,0.0000,-48.0000,3242.22719,-0.02000,-0.000000,-0.024435,0
483,20.125000,1167.3229,312.1052,770.8496,-0.7584,81.97561,295.112,-0.0071429,1.842474,0.0000,-48.0000,3251.70360,-0.02000,-0.000000,-0.024435,0
484,20.166667,1170.7344,311.2299,774.1468,-0.7836,81.97561,295.112,-0.0071429,1.818106,1.7298,-48.0000,3261.18000,-0.02000,-0.001610,-0.024435,0
485,20.208333,1174.1522,310.4035,777.4637,-0.8106,82.11976,295.631,0.0000000,1.815142,3.2681,0.0000,3270.67386,0.00000,-0.003042,0.000000,0
486,20.250000,1177.5768,309.5750,780.7866,-0.8393,82.24795,296.093,0.0000000,1.815142,-14.5125,0.0000,3280.18653,0.00000,0.013509,0.000000,0
487,20.291667,1180.9783,308.7521,784.0871,-0.8694,80.91038,291.277,0.0000000,1.815142,-32.0440,0.0000,3289.63523,0.00000,0.027925,0.000000,0
488,20.333333,1184.3238,307.9428,787.3332,-0.9006,79.57761,286.479,0.0000000,1.815142,-31.6613,0.0000,3298.92823,0.00000,0.027925,0.000000,0
489,20.375000,1187.6143,307.1467,790.5259,-0.9329,78.27195,281.779,0.0000000,1.815142,-31.0224,0.0000,3308.06856,0.00000,0.027925,0.000000,0
490,20.416667,1190.8510,306.3637,793.6664,-0.9661,76.99242,277.173,0.0000000,1.815142,-30.4063,0.0000,3317.05922,0.00000,0.027925,0.000000,0
491,20.458333,1194.0348,305.5935,796.7557,-1.0003,75.73808,272.657,0.0000000,1.815142,-29.8125,0.0000,3325.90321,0.00000,0.027751,0.000000,0
492,20.500000,1197.1669,304.8358,799.7948,-1.0353,74.50804,268.229,0.0000000,1.815142,-29.2394,0.0000,3334.60354,0.00000,0.027217,0.000000,0
493,20.541667,1200.2482,304.0903,802.7846,-1.0711,73.30147,263.885,0.0000000,1.815142,-28.6861,0.0000,3343.16270,0.00000,0.026702,0.000000,0
494,20.583333,1203.2797,303.3569,805.7260,-1.1077,72.11753,259.623,0.0000000,1.815142,-28.1523,0.0000,3351.58358,0.00000,0.026205,0.000000,0
495,20.625000,1206.2624,302.6354,808.6201,-1.1449,70.95545,255.440,0.0000000,1.815142,-27.6366,0.0000,3359.86869,0.00000,0.025725,0.000000,0
496,20.666667,1209.1970,301.9254,811.4676,-1.1827,69.81448,251.332,0.0000000,1.815142,-27.1382,0.0000,3368.02057,0.00000,0.025261,0.000000,0
497,20.708333,1212.0846,301.2269,814.2693,-1.2212,68.69393,247.298,0.0000000,1.815142,-26.6566,0.0000,3376.04150,0.00000,0.024813,0.000000,0
498,20.750000,1214.9259,300.5395,817.0262,-1.2602,67.59309,243.335,0.0000000,1.815142,-26.1910,0.0000,3383.93395,0.00000,0.024380,0.000000,0
499,20.791667,1217.7216,299.8631,819.7389,-1.2997,66.51135,239.441,0.0000000,1.815142,-25.7407,0.0000,3391.69998,0.00000,0.023960,0.000000,0
500,20.833333,1220.4727,299.1976,822.4083,-1.3396,65.44804,235.613,0.0000000,1.815142,-25.3053,0.0000,3399.34193,0.00000,0.023555,0.000000,0
501,20.875000,1223.1799,298.5427,825.0351,-1.3799,64.40257,231.849,0.0000000,1.815142,-24.8838,0.0000,3406.86190,0.00000,0.023163,0.000000,0
502,20.916667,1225.8439,297.8982,827.6199,-1.4207,63.37439,228.148,0.0000000,1.815142,-24.4758,0.0000,3414.26179,0.00000,0.022783,0.000000,0
503,20.958333,1228.4654,297.2640,830.1635,-1.4617,62.36293,224.507,0.0000000,1.815142,-24.0808,0.0000,3421.54366,0.00000,0.022415,0.000000,0
504,21.000000,1231.0450,296.6399,832.6666,-1.5031,61.36765,220.924,0.0000000,1.815142,-23.6988,0.0000,3428.70940,0.00000,0.022060,0.000000,0
505,21.041667,1233.5836,296.0258,835.1297,-1.5445,60.38802,217.397,0.0000000,1.815142,-23.3303,0.0000,3435.76090,0.00000,0.021717,0.000000,0
506,21.083333,1236.0816,295.4215,837.5535,-1.5853,59.42346,213.924,0.0000000,1.815142,-22.9746,0.0000,3442.69988,0.00000,0.021386,0.000000,0
507,21.125000,1238.5397,294.8268,839.9387,-1.6254,58.47347,210.505,0.0000000,1.815142,-22.6302,0.0000,3449.52804,0.00000,0.021065,0.000000,0
508,21.166667,1240.9586,294.2416,842.2857,-1.6650,57.53761,207.135,0.0000000,1.815142,-22.2962,0.0000,3456.24714,0.00000,0.020754,0.000000,0
509,21.208333,1243.3388,293.6658,844.5951,-1.7038,56.61545,203.816,0.0000000,1.815142,-21.9725,0.0000,3462.85869,0.00000,0.020453,0.000000,0
510,21.250000,1245.6808,293.0992,846.8676,-1.7421,55.70657,200.544,0.0000000,1.815142,-21.6584,0.0000,3469.36434,0.00000,0.020161,0.000000,0
511,21.291667,1247.9852,292.5417,849.1035,-1.7797,54.81059,197.318,0.0000000,1.815142,-21.3537,0.0000,3475.76544,0.00000,0.019877,0.000000,0
512,21.333333,1250.2526,291.9932,851.3035,-1.8168,53.92710,194.138,0.0000000,1.815142,-21.0584,0.0000,3482.06364,0.00000,0.019602,0.000000,0
513,21.375000,1252.4834,291.4535,853.4681,-1.8532,53.05572,191.001,0.0000000,1.815142,-20.7718,0.0000,3488.26032,0.00000,0.019335,0.000000,0
514,21.416667,1254.6781,290.9225,855.5977,-1.8890,52.19611,187.906,0.0000000,1.815142,-20.4935,0.0000,3494.35691,0.00000,0.019076,0.000000,0
515,21.458333,1256.8373,290.4002,857.6927,-1.9243,51.34793,184.853,0.0000000,1.815142,-20.2233,0.0000,3500.35456,0.00000,0.018825,0.000000,0
516,21.500000,1258.9614,289.8863,859.7537,-1.9590,50.51083,181.839,0.0000000,1.815142,-19.9612,0.0000,3506.25476,0.00000,0.018581,0.000000,0
517,21.541667,1261.0508,289.3809,861.7810,-1.9931,49.68450,178.864,0.0000000,1.815142,-19.7067,0.0000,3512.05868,0.00000,0.018344,0.000000,0
518,21.583333,1263.1060,288.8837,863.7752,-2.0267,48.86861,175.927,0.0000000,1.815142,-19.4596,0.0000,3517.76769,0.00000,0.018114,0.000000,0
519,21.625000,1265.1275,288.3946,865.7366,-2.0597,48.06287,173.026,0.0000000,1.815142,-19.2194,0.0000,3523.38287,0.00000,0.017890,0.000000,0
520,21.666667,1267.1156,287.9137,867.6656,-2.0922,47.26699,170.161,0.0000000,1.815142,-18.9860,0.0000,3528.90531,0.00000,0.017673,0.000000,0
521,21.708333,1269.0707,287.4407,869.5627,-2.1241,46.48070,167.331,0.0000000,1.815142,-18.7594,0.0000,3534.33618,0.00000,0.017462,0.000000,0
522,21.750000,1270.9932,286.9756,871.4282,-2.1555,45.70371,164.533,0.0000000,1.815142,-18.5396,0.0000,3539.67666,0.00000,0.017257,0.000000,0
523,21.791667,1272.8837,286.5182,873.2625,-2.1864,44.93574,161.769,0.0000000,1.815142,-18.3255,0.0000,3544.92793,0.00000,0.017058,0.000000,0
524,21.833333,1274.7423,286.0686,875.0658,-2.2168,44.17658,159.036,0.0000000,1.815142,-18.1175,0.0000,3550.09057,0.00000,0.016865,0.000000,0
525,21.875000,1276.5694,285.6266,876.8387,-2.2466,43.42595,156.333,0.0000000,1.815142,-17.9160,0.0000,3555.16604,0.00000,0.016677,0.000000,0
526,21.916667,1278.3655,285.1920,878.5814,-2.2758,42.68358,153.661,0.0000000,1.815142,-17.7210,0.0000,3560.15521,0.00000,0.016495,0.000000,0
527,21.958333,1280.1309,284.7650,880.2943,-2.3041,41.94920,151.017,0.0000000,1.815142,-17.5320,0.0000,3565.05892,0.00000,0.016320,0.000000,0
528,22.000000,1281.8657,284.3453,881.9777,-2.3316,41.22258,148.401,0.0000000,1.815142,-17.3483,0.0000,3569.87805,0.00000,0.016149,0.000000,0
529,22.041667,1283.5705,283.9328,883.6318,-2.3582,40.50351,145.813,0.0000000,1.815142,-17.1699,0.0000,3574.61350,0.00000,0.015982,0.000000,0
530,22.083333,1285.2455,283.5276,885.2571,-2.3840,39.79175,143.250,0.0000000,1.815142,-16.9967,0.0000,3579.26627,0.00000,0.015821,0.000000,0
531,22.125000,1286.8911,283.1295,886.8538,-2.4091,39.08711,140.714,0.0000000,1.815142,-16.8279,0.0000,3583.83734,0.00000,0.015664,0.000000,0
532,22.166667,1288.5073,282.7385,888.4220,-2.4333,38.38943,138.202,0.0000000,1.815142,-16.6638,0.0000,3588.32691,0.00000,0.015511,0.000000,0
533,22.208333,1290.0948,282.3545,889.9623,-2.4569,37.69846,135.714,0.0000000,1.815142,-16.5047,0.0000,3592.73644,0.00000,0.015363,0.000000,0
534,22.250000,1291.6536,281.9774,891.4748,-2.4797,37.01403,133.251,0.0000000,1.815142,-16.3495,0.0000,3597.06653,0.00000,0.015219,0.000000,0
535,22.291667,1293.1840,281.6071,892.9597,-2.5018,36.33600,130.810,0.0000000,1.815142,-16.1987,0.0000,3601.31756,0.00000,0.015078,0.000000,0
536,22.333333,1294.6863,281.2437,894.4174,-2.5232,35.66415,128.391,0.0000000,1.815142,-16.0523,0.0000,3605.49064,0.00000,0.014942,0.000000,0
537,22.375000,1296.1608,280.8870,895.8481,-2.5440,34.99831,125.994,0.0000000,1.815142,-15.9098,0.0000,3609.58646,0.00000,0.014809,0.000000,0
538,22.416667,1297.6076,280.5370,897.2519,-2.5641,34.33833,123.618,0.0000000,1.815142,-15.7710,0.0000,3613.60543,0.00000,0.014680,0.000000,0
539,22.458333,1299.0271,280.1936,898.6292,-2.5835,33.68405,121.263,0.0000000,1.815142,-15.6367,0.0000,3617.54839,0.00000,0.014555,0.000000,0
540,22.500000,1300.4195,279.8567,899.9804,-2.6024,33.03528,118.927,0.0000000,1.815142,-15.5057,0.0000,3621.41636,0.00000,0.014433,0.000000,0
541,22.541667,1301.7850,279.5264,901.3052,-2.6207,32.39191,116.611,0.0000000,1.815142,-15.3785,0.0000,3625.20920,0.00000,0.014315,0.000000,0
542,22.583333,1303.1239,279.2025,902.6043,-2.6384,31.75374,114.313,0.0000000,1.815142,-15.2550,0.0000,3628.92837,0.00000,0.014200,0.000000,0
543,22.625000,1304.4362,278.8850,903.8777,-2.6555,31.12066,112.034,0.0000000,1.815142,-15.1345,0.0000,3632.57382,0.00000,0.014088,0.000000,0
544,22.666667,1305.7223,278.5738,905.1256,-2.6721,30.49253,109.773,0.0000000,1.815142,-15.0178,0.0000,3636.14630,0.00000,0.013979,0.000000,0
545,22.708333,1306.9824,278.2690,906.3483,-2.6882,29.86918,107.529,0.0000000,1.815142,-14.9044,0.0000,3639.64653,0.00000,0.013874,0.000000,0
546,22.750000,1308.2167,277.9704,907.5459,-2.7037,29.25049,105.302,0.0000000,1.815142,-14.7944,0.0000,3643.07504,0.00000,0.013771,0.000000,0
547,22.791667,1309.4253,277.6780,908.7186,-2.7188,28.63632,103.091,0.0000000,1.815142,-14.6873,0.0000,3646.43243,0.00000,0.013672,0.000000,0
548,22.833333,1310.6084,277.3918,909.8666,-2.7333,28.02655,100.896,0.0000000,1.815142,-14.5831,0.0000,3649.71887,0.00000,0.013575,0.000000,0
549,22.875000,1311.7662,277.1117,910.9900,-2.7474,27.42106,98.716,0.0000000,1.815142,-14.4826,0.0000,3652.93498,0.00000,0.013481,0.000000,0
550,22.916667,1312.8991,276.8376,912.0893,-2.7610,26.81967,96.551,0.0000000,1.815142,-14.3845,0.0000,3656.08196,0.00000,0.013390,0.000000,0
551,22.958333,1314.0068,276.5696,913.1640,-2.7742,26.22235,94.400,0.0000000,1.815142,-14.2893,0.0000,3659.15885,0.00000,0.013301,0.000000,0
552,23.000000,1315.0899,276.3076,914.2150,-2.7869,25.62890,92.264,0.0000000,1.815142,-14.1977,0.0000,3662.16749,0.00000,0.013216,0.000000,0
553,23.041667,1316.1485,276.0515,915.2421,-2.7992,25.03921,90.141,0.0000000,1.815142,-14.1081,0.0000,3665.10803,0.00000,0.013132,0.000000,0
554,23.083333,1317.1825,275.8014,916.2454,-2.8111,24.45322,88.032,0.0000000,1.815142,-14.0213,0.0000,3667.98011,0.00000,0.013052,0.000000,0
555,23.125000,1318.1922,275.5571,917.2251,-2.8225,23.87077,85.935,0.0000000,1.815142,-13.9376,0.0000,3670.78489,0.00000,0.012974,0.000000,0
556,23.166667,1319.1778,275.3187,918.1815,-2.8336,23.29175,83.850,0.0000000,1.815142,-13.8565,0.0000,3673.52274,0.00000,0.012898,0.000000,0
557,23.208333,1320.1395,275.0860,919.1145,-2.8443,22.71606,81.778,0.0000000,1.815142,-13.7776,0.0000,3676.19400,0.00000,0.012825,0.000000,0
558,23.250000,1321.0771,274.8580,920.0212,-2.8546,22.14362,79.717,0.0253976,1.815142,-7.4031,12.4535,3678.79844,0.07111,0.006891,0.006762,0
559,23.291667,1321.9985,274.6218,920.9106,-2.8647,22.09914,79.557,0.0357143,1.845470,-0.5337,17.4419,3681.35787,0.10000,0.000497,0.009471,0
560,23.333333,1322.9194,274.3577,921.7928,-2.8746,22.09914,79.557,0.0357143,1.878360,0.0000,17.4419,3683.91593,0.10000,-0.000000,0.009471,0
561,23.375000,1323.8403,274.0644,922.6657,-2.8844,22.09914,79.557,0.0357143,1.911249,0.0000,17.4419,3686.47400,0.10000,-0.000000,0.009471,0
562,23.416667,1324.7612,273.7426,923.5285,-2.8942,22.09914,79.557,0.0357143,1.944138,0.0000,17.4419,3689.03206,0.10000,-0.000000,0.009471,0
563,23.458333,1325.6821,273.3929,924.3803,-2.9038,22.09914,79.557,0.0357143,1.977028,0.0000,17.4419,3691.59012,0.10000,-0.000000,0.009471,0
564,23.500000,1326.6030,273.0151,925.2201,-2.9133,22.09914,79.557,0.0357143,2.009917,0.0000,17.4419,3694.14818,0.10000,-0.000000,0.009471,0
565,23.541667,1327.5239,272.6098,926.0470,-2.9227,22.09914,79.557,0.0357143,2.042806,0.0000,17.4419,3696.70625,0.10000,-0.000000,0.009471,0
566,23.583333,1328.4448,272.1778,926.8603,-2.9320,22.09914,79.557,0.0357143,2.075696,0.0000,17.4419,3699.26431,0.10000,-0.000000,0.009471,0
567,23.625000,1329.3657,271.7192,927.6588,-2.9412,22.09914,79.557,0.0357143,2.108585,0.0000,17.4419,3701.82237,0.10000,-0.000000,0.009471,0
568,23.666667,1330.2866,271.2345,928.4417,-2.9503,22.09914,79.557,0.0357143,2.141475,0.0000,17.4419,3704.38043,0.10000,-0.000000,0.009471,0
569,23.708333,1331.2075,270.7244,929.2084,-2.9593,22.09914,79.557,0.0357143,2.174364,0.0000,17.4419,3706.93850,0.10000,-0.000000,0.009471,0
570,23.750000,1332.1284,270.1894,929.9579,-2.9682,22.09914,79.557,0.0357143,2.207253,0.0000,17.4419,3709.49656,0.10000,-0.000000,0.009471,0
571,23.791667,1333.0493,269.6299,930.6893,-2.9770,22.09914,79.557,0.0357143,2.240143,0.0000,17.4419,3712.05462,0.10000,-0.000000,0.009471,0
572,23.833333,1333.9702,269.0467,931.4020,-2.9857,22.09914,79.557,0.0357143,2.273032,0.0000,17.4419,3714.61269,0.10000,-0.000000,0.009471,0
573,23.875000,1334.8911,268.4406,932.0952,-2.9943,22.09914,79.557,0.0357143,2.305921,0.0000,17.4419,3717.17075,0.10000,-0.000000,0.009471,0
574,23.916667,1335.8120,267.8117,932.7678,-3.0028,22.09914,79.557,0.0357143,2.338811,0.0000,17.4419,3719.72881,0.10000,-0.000000,0.009471,0
575,23.958333,1336.7329,267.1612,933.4196,-3.0112,22.09914,79.557,0.0357143,2.371700,0.0000,17.4419,3722.28687,0.10000,-0.000000,0.009471,0
576,24.000000,1337.6538,266.4897,934.0498,-3.0195,22.09914,79.557,0.0357143,2.404590,0.0000,17.4419,3724.84494,0.10000,-0.000000,0.009471,0
577,24.041667,1338.5747,265.7976,934.6572,-3.0276,22.09914,79.557,0.0357143,2.437479,0.0000,17.4419,3727.40300,0.10000,-0.000000,0.009471,0
578,24.083333,1339.4956,265.0860,935.2417,-3.0357,22.09914,79.557,0.0357143,2.470368,0.0000,17.4419,3729.96106,0.10000,-0.000000,0.009471,0
579,24.125000,1340.4165,264.3557,935.8026,-3.0437,22.09914,79.557,0.0357143,2.503258,0.0000,17.4419,3732.51912,0.10000,-0.000000,0.009471,0
580,24.166667,1341.3374,263.6072,936.3390,-3.0516,22.09914,79.557,0.0357143,2.536147,0.0000,17.4419,3735.07719,0.10000,-0.000000,0.009471,0
581,24.208333,1342.2583,262.8415,936.8505,-3.0593,22.09914,79.557,0.0357143,2.569036,0.0000,17.4419,3737.63525,0.10000,-0.000000,0.009471,0
582,24.250000,1343.1792,262.0595,937.3367,-3.0670,22.09914,79.557,0.0357143,2.601926,0.0000,17.4419,3740.19331,0.10000,-0.000000,0.009471,0
583,24.291667,1344.1001,261.2618,937.7968,-3.0745,22.09914,79.557,0.0357143,2.634815,0.0000,17.4419,3742.75137,0.10000,-0.000000,0.009471,0
584,24.333333,1345.0210,260.4494,938.2304,-3.0820,22.09914,79.557,0.0357143,2.667705,0.0000,17.4419,3745.30944,0.10000,-0.000000,0.009471,0
585,24.375000,1345.9419,259.6233,938.6372,-3.0893,22.09914,79.557,0.0357143,2.700594,0.0000,17.4419,3747.86750,0.10000,-0.000000,0.009471,0
586,24.416667,1346.8628,258.7842,939.0165,-3.0966,22.09914,79.557,0.0357143,2.733483,0.0000,17.4419,3750.42556,0.10000,-0.000000,0.009471,0
587,24.458333,1347.7837,257.9330,939.3679,-3.1037,22.09914,79.557,0.0357143,2.766373,0.0000,17.4419,3752.98362,0.10000,-0.000000,0.009471,0
588,24.500000,1348.7047,257.0708,939.6913,-3.1108,22.09914,79.557,0.0357143,2.799262,0.0000,17.4419,3755.54169,0.10000,-0.000000,0.009471,0
589,24.541667,1349.6256,256.1984,939.9862,-3.1177,22.09914,79.557,0.0357143,2.832151,0.0000,17.4419,3758.09975,0.10000,-0.000000,0.009471,0
590,24.583333,1350.5465,255.3168,940.2520,-3.1245,22.09914,79.557,0.0357143,2.865041,0.0000,17.4419,3760.65781,0.10000,-0.000000,0.009471,0
591,24.625000,1351.4674,254.4269,940.4889,-3.1313,22.09914,79.557,0.0357143,2.897930,0.0000,17.4419,3763.21587,0.10000,-0.000000,0.009471,0
592,24.666667,1352.3883,253.5298,940.6965,-3.1379,22.09914,79.557,0.0357143,2.930820,0.0000,17.4419,3765.77394,0.10000,-0.000000,0.009471,0
593,24.708333,1353.3092,252.6262,940.8741,-3.1444,22.09914,79.557,0.0357143,2.963709,0.0000,17.4419,3768.33200,0.10000,-0.000000,0.009471,0
594,24.750000,1354.2301,251.7173,941.0221,-3.1508,22.09914,79.557,0.0357143,2.996598,0.0000,17.4419,3770.89006,0.10000,-0.000000,0.009471,0
595,24.791667,1355.1510,250.8041,941.1404,-3.1572,22.09914,79.557,0.0357143,3.029488,0.0000,17.4419,3773.44812,0.10000,-0.000000,0.009471,0
596,24.833333,1356.0719,249.8874,941.2281,-3.1634,22.09914,79.557,0.0357143,3.062377,0.0000,17.4419,3776.00619,0.10000,-0.000000,0.009471,0
597,24.875000,1356.9928,248.9684,941.2859,-3.1695,22.09914,79.557,0.0357143,3.095266,0.0000,17.4419,3778.56425,0.10000,-0.000000,0.009471,0
598,24.916667,1357.9137,248.0479,941.3136,-3.1755,22.09914,79.557,0.0357143,3.128156,0.0000,17.4419,3781.12231,0.10000,-0.000000,0.009471,0
599,24.958333,1358.8346,247.1271,941.3107,-3.1814,22.09914,79.557,0.0357143,3.161045,0.0000,17.4419,3783.68037,0.10000,-0.000000,0.009471,0
600,25.000000,1359.7555,246.2068,941.2776,-3.1872,22.09914,79.557,0.0357143,3.193935,0.0000,17.4419,3786.23844,0.10000,-0.000000,0.009471,0
601,25.041667,1360.6764,245.2881,941.2145,-3.1929,22.09914,79.557,0.0357143,3.226824,0.0000,17.4419,3788.79650,0.10000,-0.000000,0.009471,0
602,25.083333,1361.5973,244.3720,941.1209,-3.1985,22.09914,79.557,0.0357143,3.259713,0.0000,17.4419,3791.35456,0.10000,-0.000000,0.009471,0
603,25.125000,1362.5182,243.4595,940.9973,-3.2040,22.09914,79.557,0.0357143,3.292603,0.0000,17.4419,3793.91262,0.10000,-0.000000,0.009471,0
604,25.166667,1363.4391,242.5515,940.8439,-3.2094,22.09914,79.557,0.0357143,3.325492,0.0000,17.4419,3796.47069,0.10000,-0.000000,0.009471,0
605,25.208333,1364.3600,241.6491,940.6606,-3.2147,22.09914,79.557,0.0357143,3.358381,0.0000,17.4419,3799.02875,0.10000,-0.000000,0.009471,0
606,25.250000,1365.2809,240.7532,940.4477,-3.2198,22.09914,79.557,0.0357143,3.391271,0.0000,17.4419,3801.58681,0.10000,-0.000000,0.009471,0
607,25.291667,1366.2018,239.8647,940.2056,-3.2249,22.09914,79.557,0.0357143,3.424160,0.0000,17.4419,3804.14488,0.10000,-0.000000,0.009471,0
608,25.333333,1367.1227,238.9847,939.9344,-3.2299,22.09914,79.557,0.0357143,3.457050,0.0000,17.4419,3806.70294,0.10000,-0.000000,0.009471,0
609,25.375000,1368.0436,238.1142,939.6342,-3.2348,22.09914,79.557,0.0357143,3.489939,0.0000,17.4419,3809.26100,0.10000,-0.000000,0.009471,0
610,25.416667,1368.9645,237.2539,939.3058,-3.2395,22.09914,79.557,0.0357143,3.522828,0.0000,17.4419,3811.81906,0.10000,-0.000000,0.009471,0
611,25.458333,1369.8854,236.4049,938.9492,-3.2442,22.09914,79.557,0.0357143,3.555718,0.0000,17.4419,3814.37713,0.10000,-0.000000,0.009471,0
612,25.500000,1370.8063,235.5681,938.5647,-3.2488,22.09914,79.557,0.0357143,3.588607,0.0000,17.4419,3816.93519,0.10000,-0.000000,0.009471,0
613,25.541667,1371.7272,234.7444,938.1531,-3.2532,22.09914,79.557,0.0357143,3.621496,0.0000,17.4419,3819.49325,0.10000,-0.000000,0.009471,0
614,25.583333,1372.6481,233.9346,937.7147,-3.2576,22.09914,79.557,0.0357143,3.654386,0.0000,17.4419,3822.05131,0.10000,-0.000000,0.009471,0
615,25.625000,1373.5690,233.1398,937.2496,-3.2618,22.09914,79.557,0.0357143,3.687275,0.0000,17.4419,3824.60938,0.10000,-0.000000,0.009471,0
616,25.666667,1374.4899,232.3606,936.7588,-3.2660,22.09914,79.557,0.0357143,3.720165,0.0000,17.4419,3827.16744,0.10000,-0.000000,0.009471,0
617,25.708333,1375.4108,231.5979,936.2428,-3.2700,22.09914,79.557,0.0357143,3.753054,0.0000,17.4419,3829.72550,0.10000,-0.000000,0.009471,0
618,25.750000,1376.3317,230.8528,935.7017,-3.2740,22.09914,79.557,0.0357143,3.785943,0.0000,17.4419,3832.28356,0.10000,-0.000000,0.009471,0
619,25.791667,1377.2526,230.1258,935.1365,-3.2778,22.09914,79.557,0.0357143,3.818833,0.0000,17.4419,3834.84163,0.10000,-0.000000,0.009471,0
620,25.833333,1378.1735,229.4177,934.5479,-3.2815,22.09914,79.557,0.0357143,3.851722,0.0000,17.4419,3837.39969,0.10000,-0.000000,0.009471,0
621,25.875000,1379.0944,228.7295,933.9361,-3.2852,22.09914,79.557,0.0357143,3.884611,0.0000,17.4419,3839.95775,0.10000,-0.000000,0.009471,0
622,25.916667,1380.0153,228.0617,933.3020,-3.2887,22.09914,79.557,0.0357143,3.917501,0.0000,17.4419,3842.51581,0.10000,-0.000000,0.009471,0
623,25.958333,1380.9362,227.4150,932.6464,-3.2921,22.09914,79.557,0.0357143,3.950390,0.0000,17.4419,3845.07388,0.10000,-0.000000,0.009471,0
624,26.000000,1381.8571,226.7903,931.9698,-3.2955,22.09914,79.557,0.0357143,3.983280,0.0000,17.4419,3847.63194,0.10000,-0.000000,0.009471,0
625,26.041667,1382.7780,226.1883,931.2730,-3.2987,22.09914,79.557,0.0357143,4.016169,0.0000,17.4419,3850.19000,0.10000,-0.000000,0.009471,0
626,26.083333,1383.6989,225.6094,930.5569,-3.3018,22.09914,79.557,0.0357143,4.049058,0.0000,17.4419,3852.74806,0.10000,-0.000000,0.009471,0
627,26.125000,1384.6198,225.0543,929.8221,-3.3048,22.09914,79.557,0.0357143,4.081948,0.0000,17.4419,3855.30613,0.10000,-0.000000,0.009471,0
628,26.166667,1385.5408,224.5239,929.0694,-3.3077,22.09914,79.557,0.0357143,4.114837,0.0000,17.4419,3857.86419,0.10000,-0.000000,0.009471,0
629,26.208333,1386.4617,224.0183,928.2997,-3.3105,22.09914,79.557,0.0357143,4.147726,0.0000,17.4419,3860.42225,0.10000,-0.000000,0.009471,0
630,26.250000,1387.3826,223.5383,927.5139,-3.3131,22.09914,79.557,0.0357143,4.180616,0.0000,17.4419,3862.98031,0.10000,-0.000000,0.009471,0
631,26.291667,1388.3035,223.0847,926.7125,-3.3150,22.09914,79.557,0.0357143,4.213505,0.0000,17.4419,3865.53838,0.10000,-0.000000,0.009471,0
632,26.333333,1389.2244,222.6574,925.8968,-3.3161,22.09914,79.557,0.0357143,4.246395,0.0000,17.4419,3868.09644,0.10000,-0.000000,0.009471,0
633,26.375000,1390.1453,222.2571,925.0675,-3.3165,22.09914,79.557,0.0357143,4.279284,0.0000,17.4419,3870.65450,0.10000,-0.000000,0.009471,0
634,26.416667,1391.0662,221.8846,924.2254,-3.3160,22.09914,79.557,0.0357143,4.312173,0.0000,17.4419,3873.21256,0.10000,-0.000000,0.009471,0
635,26.458333,1391.9871,221.5398,923.3715,-3.3148,22.09914,79.557,0.0357143,4.345063,0.0000,17.4419,3875.77063,0.10000,-0.000000,0.009471,0
636,26.500000,1392.9080,221.2231,922.5068,-3.3129,22.09914,79.557,0.0357143,4.377952,0.0000,17.4419,3878.32869,0.10000,-0.000000,0.009471,0
637,26.541667,1393.8289,220.9354,921.6321,-3.3101,22.09914,79.557,0.0357143,4.410842,0.0000,17.4419,3880.88675,0.10000,-0.000000,0.009471,0
638,26.583333,1394.7498,220.6764,920.7484,-3.3065,22.09914,79.557,0.0357143,4.443731,0.0000,17.4419,3883.44482,0.10000,-0.000000,0.009471,0
639,26.625000,1395.6707,220.4464,919.8567,-3.3022,22.09914,79.557,0.0357143,4.476620,0.0000,17.4419,3886.00288,0.10000,-0.000000,0.009471,0
640,26.666667,1396.5916,220.2462,918.9579,-3.2971,22.09914,79.557,0.0357143,4.509510,0.0000,17.4419,3888.56094,0.10000,-0.000000,0.009471,0
641,26.708333,1397.5125,220.0756,918.0530,-3.2913,22.09914,79.557,0.0357143,4.542399,0.0000,17.4419,3891.11900,0.10000,-0.000000,0.009471,0
642,26.750000,1398.4334,219.9346,917.1430,-3.2846,22.09914,79.557,0.0357143,4.575288,0.0000,17.4419,3893.67707,0.10000,-0.000000,0.009471,0
643,26.791667,1399.3543,219.8238,916.2288,-3.2772,22.09914,79.557,0.0357143,4.608178,0.0000,17.4419,3896.23513,0.10000,-0.000000,0.009471,0
644,26.833333,1400.2752,219.7432,915.3115,-3.2690,22.09914,79.557,0.0357143,4.641067,0.0000,17.4419,3898.79319,0.10000,-0.000000,0.009471,0
645,26.875000,1401.1961,219.6925,914.3920,-3.2600,22.09914,79.557,0.0357143,4.673957,0.0000,17.4419,3901.35125,0.10000,-0.000000,0.009471,0
646,26.916667,1402.1170,219.6723,913.4714,-3.2503,22.09914,79.557,0.0357143,4.706846,0.0000,17.4419,3903.90932,0.10000,-0.000000,0.009471,0
647,26.958333,1403.0379,219.6825,912.5506,-3.2397,22.09914,79.557,0.0357143,4.739735,0.0000,17.4419,3906.46738,0.10000,-0.000000,0.009471,0
648,27.000000,1403.9588,219.7227,911.6306,-3.2284,22.09914,79.557,0.0357143,4.772625,0.0000,17.4419,3909.02544,0.10000,-0.000000,0.009471,0
649,27.041667,1404.8797,219.7932,910.7125,-3.2164,22.09914,79.557,0.0357143,4.805514,0.0000,17.4419,3911.58350,0.10000,-0.000000,0.009471,0
650,27.083333,1405.8006,219.8940,909.7971,-3.2035,22.09914,79.557,0.0357143,4.838403,0.0000,17.4419,3914.14157,0.10000,-0.000000,0.009471,0
651,27.125000,1406.7215,220.0247,908.8856,-3.1899,22.09914,79.557,0.0357143,4.871293,4.5573,17.4419,3916.69963,0.10000,-0.004242,0.009471,0
652,27.166667,1407.6466,220.1746,907.9800,-3.1754,22.47892,80.924,0.0000000,4.886922,10.2895,0.0000,3919.26920,0.00000,-0.009578,0.000000,0
653,27.208333,1408.5906,220.3386,907.0503,-3.1598,22.95660,82.644,0.0000000,4.886922,11.4746,0.0000,3921.89152,0.00000,-0.010681,0.000000,0
654,27.250000,1409.5545,220.5060,906.1010,-3.1431,23.43514,84.366,0.0000000,4.886922,11.4954,0.0000,3924.56910,0.00000,-0.010700,0.000000,0
655,27.291667,1410.5384,220.6768,905.1320,-3.1251,23.91455,86.092,0.0000000,4.886922,11.5167,0.0000,3927.30218,0.00000,-0.010720,0.000000,0
656,27.333333,1411.5424,220.8511,904.1433,-3.1058,24.39486,87.822,0.0000000,4.886922,11.5384,0.0000,3930.09092,0.00000,-0.010740,0.000000,0
657,27.375000,1412.5664,221.0290,903.1349,-3.0852,24.87609,89.554,0.0000000,4.886922,11.5605,0.0000,3932.93540,0.00000,-0.010761,0.000000,0
658,27.416667,1413.6105,221.2103,902.1066,-3.0632,25.35824,91.290,0.0000000,4.886922,11.5831,0.0000,3935.83565,0.00000,-0.010782,0.000000,0
659,27.458333,1414.6747,221.3951,901.0586,-3.0398,25.84134,93.029,0.0000000,4.886922,11.6061,0.0000,3938.79186,0.00000,-0.010803,0.000000,0
660,27.500000,1415.7593,221.5834,899.9905,-3.0148,26.32542,94.771,0.0000000,4.886922,11.6295,0.0000,3941.80456,0.00000,-0.010825,0.000000,0
661,27.541667,1416.8639,221.7752,898.9026,-2.9883,26.81047,96.518,0.0000000,4.886922,11.6533,0.0000,3944.87305,0.00000,-0.010847,0.000000,0
662,27.583333,1417.9889,221.9706,897.7947,-2.9602,27.29653,98.267,0.0000000,4.886922,11.6776,0.0000,3947.99807,0.00000,-0.010870,0.000000,0
663,27.625000,1419.1342,222.1694,896.6669,-2.9303,27.78360,100.021,0.0000000,4.886922,11.7024,0.0000,3951.17924,0.00000,-0.010893,0.000000,0
664,27.666667,1420.2999,222.3719,895.5189,-2.8987,28.27172,101.778,0.0000000,4.886922,11.7276,0.0000,3954.41731,0.00000,-0.010917,0.000000,0
665,27.708333,1421.4859,222.5778,894.3509,-2.8652,28.76090,103.539,0.0000000,4.886922,11.7532,0.0000,3957.71178,0.00000,-0.010940,0.000000,0
666,27.750000,1422.6923,222.7873,893.1628,-2.8299,29.25116,105.304,0.0000000,4.886922,11.7794,0.0000,3961.06294,0.00000,-0.010965,0.000000,0
667,27.791667,1423.9192,223.0004,891.9545,-2.7926,29.74252,107.073,0.0000000,4.886922,11.8061,0.0000,3964.47103,0.00000,-0.010990,0.000000,0
668,27.833333,1425.1667,223.2170,890.7260,-2.7532,30.23500,108.846,0.0000000,4.886922,11.8333,0.0000,3967.93622,0.00000,-0.011015,0.000000,0
669,27.875000,1426.4347,223.4372,889.4772,-2.7118,30.72863,110.623,0.0000000,4.886922,11.8609,0.0000,3971.45863,0.00000,-0.011041,0.000000,0
670,27.916667,1427.7235,223.6610,888.2081,-2.6681,31.22341,112.404,0.0000000,4.886922,11.8891,0.0000,3975.03835,0.00000,-0.011067,0.000000,0
671,27.958333,1429.0328,223.8883,886.9186,-2.6222,31.71938,114.190,0.0000000,4.886922,11.9177,0.0000,3978.67544,0.00000,-0.011094,0.000000,0
672,28.000000,1430.3628,224.1193,885.6088,-2.5740,32.21656,115.980,0.0000000,4.886922,11.9469,0.0000,3982.36991,0.00000,-0.011121,0.000000,0
673,28.041667,1431.7136,224.3538,884.2785,-2.5233,32.71496,117.774,0.0000000,4.886922,11.9767,0.0000,3986.12218,0.00000,-0.011148,0.000000,0
674,28.083333,1433.0853,224.5920,882.9277,-2.4702,33.21461,119.573,0.0000000,4.886922,12.0069,0.0000,3989.93230,0.00000,-0.011177,0.000000,0
675,28.125000,1434.4778,224.8338,881.5564,-2.4145,33.71553,121.376,0.0000000,4.886922,12.0377,0.0000,3993.80034,0.00000,-0.011205,0.000000,0
676,28.166667,1435.8911,225.0793,880.1645,-2.3561,34.21775,123.184,0.0000000,4.886922,12.0690,0.0000,3997.72639,0.00000,-0.011234,0.000000,0
677,28.208333,1437.3256,225.3284,878.7518,-2.2950,34.72129,124.997,0.0000000,4.886922,12.1010,0.0000,4001.71096,0.00000,-0.011264,0.000000,0
678,28.250000,1438.7810,225.5811,877.3185,-2.2311,35.22617,126.814,0.0000000,4.886922,12.1334,0.0000,4005.75383,0.00000,-0.011294,0.000000,0
679,28.291667,1440.2575,225.8375,875.8644,-2.1643,35.73241,128.637,0.0000000,4.886922,12.1665,0.0000,4009.85524,0.00000,-0.011325,0.000000,0
680,28.333333,1441.7552,226.0975,874.3895,-2.0945,36.24004,130.464,0.0000000,4.886922,12.2001,0.0000,4014.01539,0.00000,-0.011356,0.000000,0
681,28.375000,1443.2740,226.3613,872.8937,-2.0215,36.74908,132.297,0.0000000,4.886922,12.2343,0.0000,4018.23444,0.00000,-0.011388,0.000000,0
682,28.416667,1444.8142,226.6287,871.3770,-1.9455,37.25957,134.134,0.0000000,4.886922,12.2691,0.0000,4022.51252,0.00000,-0.011421,0.000000,0
683,28.458333,1446.3756,226.8999,869.8393,-1.8661,37.77151,135.977,0.0000000,4.886922,12.3059,0.0000,4026.84975,0.00000,-0.011455,0.000000,0
684,28.500000,1447.9584,227.1747,868.2806,-1.7839,38.28505,137.826,0.0000000,4.886922,12.3498,0.0000,4031.24649,0.00000,-0.011496,0.000000,0
685,28.541667,1449.5627,227.4533,866.7006,-1.7005,38.80066,139.682,0.0000000,4.886922,12.4003,0.0000,4035.70285,0.00000,-0.011543,0.000000,0
686,28.583333,1451.1884,227.7356,865.0996,-1.6160,39.31841,141.546,0.0000000,4.886922,12.4523,0.0000,4040.21890,0.00000,-0.011591,0.000000,0
687,28.625000,1452.8359,228.0217,863.4771,-1.5303,39.83835,143.418,0.0000000,4.886922,12.5052,0.0000,4044.79522,0.00000,-0.011640,0.000000,0
688,28.666667,1454.5051,228.3115,861.8333,-1.4435,40.36051,145.298,0.0000000,4.886922,12.5589,0.0000,4049.43182,0.00000,-0.011690,0.000000,0
689,28.708333,1456.1961,228.6052,860.1680,-1.3556,40.88493,147.186,0.0000000,4.886922,12.6136,0.0000,4054.12894,0.00000,-0.011741,0.000000,0
690,28.750000,1457.9089,228.9026,858.4812,-1.2665,41.41165,149.082,0.0000000,4.886922,12.6693,0.0000,4058.88692,0.00000,-0.011793,0.000000,0
691,28.791667,1459.6439,229.2039,856.7726,-1.1763,41.94071,150.987,0.0000000,4.886922,12.7260,0.0000,4063.70615,0.00000,-0.011846,0.000000,0
692,28.833333,1461.4009,229.5090,855.0423,-1.0849,42.47215,152.900,0.0000000,4.886922,12.7836,0.0000,4068.58674,0.00000,-0.011899,0.000000,0
693,28.875000,1463.1801,229.8179,853.2901,-0.9924,43.00601,154.822,0.0000000,4.886922,12.8422,0.0000,4073.52906,0.00000,-0.011954,0.000000,0
694,28.916667,1464.9817,230.1308,851.5159,-0.8987,43.54233,156.752,0.0000000,4.886922,12.9018,0.0000,4078.53339,0.00000,-0.012010,0.000000,0
695,28.958333,1466.8056,230.4475,849.7197,-0.8039,44.08115,158.692,0.0000000,4.886922,12.9623,0.0000,4083.59991,0.00000,-0.012066,0.000000,0
696,29.000000,1468.6520,230.7681,847.9013,-0.7079,44.62252,160.641,0.0000000,4.886922,13.0239,0.0000,4088.72883,0.00000,-0.012123,0.000000,0
697,29.041667,1470.5211,231.0927,846.0606,-0.6107,45.16648,162.599,0.0000000,4.886922,13.0866,0.0000,4093.92084,0.00000,-0.012182,0.000000,0
698,29.083333,1472.4129,231.4212,844.1975,-0.5123,45.71306,164.567,0.0000000,4.886922,13.1503,0.0000,4099.17574,0.00000,-0.012241,0.000000,0
699,29.125000,1474.3276,231.7537,842.3119,-0.4127,46.26234,166.544,0.0000000,4.886922,13.2151,0.0000,4104.49432,0.00000,-0.012301,0.000000,0
700,29.166667,1476.2652,232.0901,840.4038,-0.3120,46.81433,168.532,0.0000000,4.886922,13.2810,0.0000,4109.87657,0.00000,-0.012362,0.000000,0
701,29.208333,1478.2259,232.4306,838.4729,-0.2100,47.36908,170.529,0.0000000,4.886922,13.3479,0.0000,4115.32285,0.00000,-0.012425,0.000000,0
702,29.250000,1480.2097,232.7751,836.5192,-0.1069,47.92665,172.536,0.0000000,4.886922,13.4161,0.0000,4120.83353,0.00000,-0.012488,0.000000,0
703,29.291667,1482.2169,233.1236,834.5425,-0.0025,48.48709,174.554,0.0000000,4.886922,13.4854,0.0000,4126.40897,0.00000,-0.012553,0.000000,0
704,29.333333,1484.2475,233.4763,832.5428,0.1031,49.05043,176.582,0.0000000,4.886922,13.4954,0.0000,4132.04949,0.00000,-0.012562,0.000000,0
705,29.375000,1486.3015,233.8329,830.5199,0.2099,49.61170,178.602,0.0000000,4.886922,13.3558,0.0000,4137.75524,0.00000,-0.012432,0.000000,0
706,29.416667,1488.3788,234.1937,828.4742,0.3179,50.16342,180.588,0.0000000,4.886922,13.1288,0.0000,4143.52544,0.00000,-0.012221,0.000000,0
707,29.458333,1490.4789,234.5583,826.4060,0.4271,50.70577,182.541,0.0000000,4.886922,12.9076,0.0000,4149.35917,0.00000,-0.012015,0.000000,0
708,29.500000,1492.6015,234.9269,824.3156,0.5375,51.23906,184.461,0.0000000,4.886922,12.6933,0.0000,4155.25520,0.00000,-0.011815,0.000000,0
709,29.541667,1494.7462,235.2993,822.2036,0.6490,51.76354,186.349,0.0000000,4.886922,12.4854,0.0000,4161.21256,0.00000,-0.011622,0.000000,0
710,29.583333,1496.9125,235.6755,820.0702,0.7617,52.27950,188.206,0.0000000,4.886922,12.2833,0.0000,4167.23012,0.00000,-0.011434,0.000000,0
711,29.625000,1499.1002,236.0554,817.9157,0.8755,52.78715,190.034,0.0000000,4.886922,12.0867,0.0000,4173.30715,0.00000,-0.011251,0.000000,0
712,29.666667,1501.3089,236.4389,815.7405,0.9903,53.28673,191.832,0.0000000,4.886922,11.8959,0.0000,4179.44251,0.00000,-0.011073,0.000000,0
713,29.708333,1503.5383,236.8261,813.5450,1.1062,53.77847,193.602,0.0000000,4.886922,11.7101,0.0000,4185.63529,0.00000,-0.010900,0.000000,0
714,29.750000,1505.7881,237.2167,811.3294,1.2232,54.26257,195.345,0.0000000,4.886922,11.5292,0.0000,4191.88462,0.00000,-0.010732,0.000000,0
715,29.791667,1508.0579,237.6109,809.0941,1.3413,54.73923,197.061,0.0000000,4.886922,11.3529,0.0000,4198.18963,0.00000,-0.010568,0.000000,0
716,29.833333,1510.3474,238.0085,806.8393,1.4603,55.20865,198.751,0.0000000,4.886922,11.1811,0.0000,4204.54943,0.00000,-0.010408,0.000000,0
717,29.875000,1512.6564,238.4094,804.5654,1.5804,55.67099,200.416,0.0000000,4.886922,11.0134,0.0000,4210.96319,0.00000,-0.010252,0.000000,0
718,29.916667,1514.9845,238.8137,802.2727,1.7014,56.12643,202.055,0.0000000,4.886922,10.8498,0.0000,4217.43025,0.00000,-0.010099,0.000000,0
719,29.958333,1517.3315,239.2212,799.9614,1.8235,56.57514,203.671,0.0000000,4.886922,10.6902,0.0000,4223.94963,0.00000,-0.009951,0.000000,0
720,30.000000,1519.6971,239.6320,797.6317,1.9465,57.01728,205.262,0.0000000,4.886922,10.5343,0.0000,4230.52059,0.00000,-0.009806,0.000000,0
721,30.041667,1522.0809,240.0460,795.2841,2.0704,57.45300,206.831,0.0000000,4.886922,10.3819,0.0000,4237.14247,0.00000,-0.009664,0.000000,0
722,30.083333,1524.4828,240.4631,792.9187,2.1953,57.88244,208.377,0.0000000,4.886922,10.2330,0.0000,4243.81445,0.00000,-0.009525,0.000000,0
723,30.125000,1526.9025,240.8832,790.5357,2.3212,58.30575,209.901,0.0000000,4.886922,10.0873,0.0000,4250.53578,0.00000,-0.009390,0.000000,0
724,30.166667,1529.3398,241.3065,788.1355,2.4479,58.72304,211.403,0.0000000,4.886922,9.9447,0.0000,4257.30590,0.00000,-0.009257,0.000000,0
725,30.208333,1531.7943,241.7327,785.7183,2.5755,59.13447,212.884,0.0000000,4.886922,9.8053,0.0000,4264.12400,0.00000,-0.009127,0.000000,0
726,30.250000,1534.2658,242.1619,783.2843,2.7041,59.54015,214.345,0.0000000,4.886922,9.6688,0.0000,4270.98942,0.00000,-0.009000,0.000000,0
727,30.291667,1536.7542,242.5940,780.8338,2.8335,59.94020,215.785,0.0000000,4.886922,4.6134,0.0000,4277.90152,0.00000,-0.004294,0.000000,0
728,30.333333,1539.2573,243.0286,778.3687,2.9636,59.92460,215.729,0.0000000,4.886922,-12.0105,0.0000,4284.85461,0.00000,0.011180,0.000000,0
729,30.375000,1541.7357,243.4590,775.9280,3.0925,58.93932,212.182,0.0000000,4.886922,-23.4696,0.0000,4291.73893,0.00000,0.021846,0.000000,0
730,30.416667,1544.1733,243.8823,773.5274,3.2193,57.96880,208.688,0.0000000,4.886922,-23.1204,0.0000,4298.51015,0.00000,0.021521,0.000000,0
731,30.458333,1546.5707,244.2986,771.1663,3.3439,57.01262,205.245,0.0000000,4.886922,-22.7823,0.0000,4305.16970,0.00000,0.021207,0.000000,0
732,30.500000,1548.9287,244.7080,768.8442,3.4665,56.07028,201.853,0.0000000,4.886922,-22.4545,0.0000,4311.71959,0.00000,0.020902,0.000000,0
733,30.541667,1551.2476,245.1107,766.5605,3.5871,55.14141,198.509,0.0000000,4.886922,-22.1353,0.0000,4318.16102,0.00000,0.020604,0.000000,0
734,30.583333,1553.5281,245.5067,764.3146,3.7050,54.22567,195.212,0.0000000,4.886922,-21.8205,0.0000,4324.49580,0.00000,0.020311,0.000000,0
735,30.625000,1555.7708,245.8961,762.1061,3.8182,53.32304,191.963,0.0000000,4.886922,-21.5105,0.0000,4330.72538,0.00000,0.020023,0.000000,0
736,30.666667,1557.9761,246.2791,759.9342,3.9270,52.43313,188.759,0.0000000,4.886922,-21.2096,0.0000,4336.85128,0.00000,0.019743,0.000000,0
737,30.708333,1560.1446,246.6557,757.7987,4.0314,51.55557,185.600,0.0000000,4.886922,-20.9173,0.0000,4342.87498,0.00000,0.019471,0.000000,0
738,30.750000,1562.2768,247.0259,755.6989,4.1315,50.69003,182.484,0.0000000,4.886922,-20.6339,0.0000,4348.79759,0.00000,0.019207,0.000000,0
739,30.791667,1564.3732,247.3899,753.6344,4.2276,49.83608,179.410,0.0000000,4.886922,-20.3591,0.0000,4354.62094,0.00000,0.018951,0.000000,0
740,30.833333,1566.4342,247.7478,751.6046,4.3198,48.99344,176.376,0.0000000,4.886922,-20.0920,0.0000,4360.34607,0.00000,0.018702,0.000000,0
741,30.875000,1568.4604,248.0997,749.6093,4.4082,48.16175,173.382,0.0000000,4.886922,-19.8329,0.0000,4365.97426,0.00000,0.018461,0.000000,0
742,30.916667,1570.4521,248.4455,747.6478,4.4929,47.34070,170.427,0.0000000,4.886922,-19.5815,0.0000,4371.50690,0.00000,0.018227,0.000000,0
743,30.958333,1572.4099,248.7855,745.7197,4.5741,46.52996,167.508,0.0000000,4.886922,-19.3371,0.0000,4376.94523,0.00000,0.018000,0.000000,0
744,31.000000,1574.3341,249.1196,743.8248,4.6519,45.72927,164.625,0.0000000,4.886922,-19.0997,0.0000,4382.29006,0.00000,0.017779,0.000000,0
745,31.041667,1576.2251,249.4480,741.9625,4.7264,44.93831,161.778,0.0000000,4.886922,-18.8696,0.0000,4387.54300,0.00000,0.017565,0.000000,0
746,31.083333,1578.0834,249.7707,740.1324,4.7978,44.15681,158.965,0.0000000,4.886922,-18.6460,0.0000,4392.70494,0.00000,0.017356,0.000000,0
747,31.125000,1579.9094,250.0878,738.3341,4.8661,43.38448,156.184,0.0000000,4.886922,-18.4285,0.0000,4397.77720,0.00000,0.017154,0.000000,0
748,31.166667,1581.7034,250.3993,736.5675,4.9314,42.62110,153.436,0.0000000,4.886922,-11.4968,0.0000,4402.76032,0.00000,0.010702,0.000000,0
749,31.208333,1583.4721,250.6966,734.8250,4.9941,42.42641,152.735,-0.0133333,4.869415,-2.3363,-24.0000,4407.67354,-0.03733,0.002175,-0.013032,0
750,31.250000,1585.2390,250.9523,733.0768,5.0551,42.42641,152.735,-0.0133333,4.845857,0.0000,-24.0000,4412.58152,-0.03733,-0.000000,-0.013032,0
751,31.291667,1587.0059,251.1668,731.3230,5.1144,42.42641,152.735,-0.0133333,4.822298,0.0000,-24.0000,4417.48950,-0.03733,-0.000000,-0.013032,0
752,31.333333,1588.7727,251.3399,729.5647,5.1720,42.42641,152.735,-0.0133333,4.798740,0.0000,-24.0000,4422.39748,-0.03733,-0.000000,-0.013032,0
753,31.375000,1590.5396,251.4715,727.8027,5.2280,42.42641,152.735,-0.0133333,4.775182,0.0000,-24.0000,4427.30546,-0.03733,-0.000000,-0.013032,0
754,31.416667,1592.3065,251.5616,726.0382,5.2823,42.42641,152.735,-0.0133333,4.751623,0.0000,-24.0000,4432.21344,-0.03733,-0.000000,-0.013032,0
755,31.458333,1594.0734,251.6101,724.2721,5.3348,42.42641,152.735,-0.0133333,4.728065,0.0000,-24.0000,4437.12142,-0.03733,-0.000000,-0.013032,0
756,31.500000,1595.8402,251.6170,722.5052,5.3857,42.42641,152.735,-0.0133333,4.704507,0.0000,-24.0000,4442.02940,-0.03733,-0.000000,-0.013032,0
757,31.541667,1597.6071,251.5823,720.7387,5.4350,42.42641,152.735,-0.0133333,4.680949,0.0000,-24.0000,4446.93738,-0.03733,-0.000000,-0.013032,0
758,31.583333,1599.3740,251.5060,718.9736,5.4825,42.42641,152.735,-0.0133333,4.657390,0.0000,-24.0000,4451.84536,-0.03733,-0.000000,-0.013032,0
759,31.625000,1601.1408,251.3881,717.2107,5.5284,42.42641,152.735,-0.0133333,4.633832,0.0000,-24.0000,4456.75334,-0.03733,-0.000000,-0.013032,0
760,31.666667,1602.9077,251.2287,715.4510,5.5725,42.42641,152.735,-0.0133333,4.610274,0.0000,-24.0000,4461.66132,-0.03733,-0.000000,-0.013032,0
761,31.708333,1604.6746,251.0279,713.6957,5.6150,42.42641,152.735,-0.0133333,4.586715,0.0000,-24.0000,4466.56930,-0.03733,-0.000000,-0.013032,0
762,31.750000,1606.4415,250.7858,711.9455,5.6559,42.42641,152.735,-0.0133333,4.563157,0.0000,-24.0000,4471.47728,-0.03733,-0.000000,-0.013032,0
763,31.791667,1608.2083,250.5025,710.2015,5.6950,42.42641,152.735,-0.0133333,4.539599,0.0000,-24.0000,4476.38526,-0.03733,-0.000000,-0.013032,0
764,31.833333,1609.9752,250.1782,708.4647,5.7325,42.42641,152.735,-0.0133333,4.516040,0.0000,-24.0000,4481.29324,-0.03733,-0.000000,-0.013032,0
765,31.875000,1611.7421,249.8132,706.7360,5.7682,42.42641,152.735,-0.0133333,4.492482,0.0000,-24.0000,4486.20122,-0.03733,-0.000000,-0.013032,0
766,31.916667,1613.5090,249.4075,705.0164,5.8023,42.42641,152.735,-0.0133333,4.468924,0.0000,-24.0000,4491.10920,-0.03733,-0.000000,-0.013032,0
767,31.958333,1615.2758,248.9614,703.3068,5.8347,42.42641,152.735,-0.0133333,4.445366,0.0000,-24.0000,4496.01718,-0.03733,-0.000000,-0.013032,0
768,32.000000,1617.0427,248.4751,701.6082,5.8655,42.42641,152.735,-0.0133333,4.421807,0.0000,-24.0000,4500.92516,-0.03733,-0.000000,-0.013032,0
769,32.041667,1618.8096,247.9490,699.9215,5.8945,42.42641,152.735,-0.0133333,4.398249,0.0000,-24.0000,4505.83314,-0.03733,-0.000000,-0.013032,0
770,32.083333,1620.5764,247.3833,698.2477,5.9219,42.42641,152.735,-0.0133333,4.374691,0.0000,-24.0000,4510.74112,-0.03733,-0.000000,-0.013032,0
771,32.125000,1622.3433,246.7784,696.5877,5.9476,42.42641,152.735,-0.0133333,4.351132,0.0000,-24.0000,4515.64910,-0.03733,-0.000000,-0.013032,0
772,32.166667,1624.1102,246.1345,694.9423,5.9716,42.42641,152.735,-0.0133333,4.327574,0.0000,-24.0000,4520.55708,-0.03733,-0.000000,-0.013032,0
773,32.208333,1625.8771,245.4520,693.3126,5.9939,42.42641,152.735,-0.0133333,4.304016,0.0000,-24.0000,4525.46506,-0.03733,-0.000000,-0.013032,0
774,32.250000,1627.6439,244.7313,691.6995,6.0146,42.42641,152.735,-0.0133333,4.280457,0.0000,-24.0000,4530.37304,-0.03733,-0.000000,-0.013032,0
775,32.291667,1629.4108,243.9728,690.1037,6.0336,42.42641,152.735,-0.0133333,4.256899,0.0000,-24.0000,4535.28102,-0.03733,-0.000000,-0.013032,0
776,32.333333,1631.1777,243.1769,688.5263,6.0508,42.42641,152.735,-0.0133333,4.233341,0.0000,-24.0000,4540.18900,-0.03733,-0.000000,-0.013032,0
777,32.375000,1632.9446,242.3441,686.9681,6.0665,42.42641,152.735,-0.0133333,4.209783,0.0000,-24.0000,4545.09698,-0.03733,-0.000000,-0.013032,0
778,32.416667,1634.7114,241.4748,685.4299,6.0804,42.42641,152.735,-0.0133333,4.186224,0.0000,-24.0000,4550.00496,-0.03733,-0.000000,-0.013032,0
779,32.458333,1636.4783,240.5695,683.9126,6.0926,42.42641,152.735,-0.0133333,4.162666,0.0000,-24.0000,4554.91294,-0.03733,-0.000000,-0.013032,0
780,32.500000,1638.2452,239.6288,682.4171,6.1032,42.42641,152.735,-0.0133333,4.139108,0.0000,-24.0000,4559.82091,-0.03733,-0.000000,-0.013032,0
781,32.541667,1640.0120,238.6530,680.9441,6.1121,42.42641,152.735,-0.0133333,4.115549,0.0000,-24.0000,4564.72889,-0.03733,-0.000000,-0.013032,0
782,32.583333,1641.7789,237.6429,679.4945,6.1193,42.42641,152.735,-0.0133333,4.091991,0.0000,-24.0000,4569.63687,-0.03733,-0.000000,-0.013032,0
783,32.625000,1643.5458,236.5989,678.0691,6.1256,42.42641,152.735,-0.0133333,4.068433,0.0000,-24.0000,4574.54485,-0.03733,-0.000000,-0.013032,0
784,32.666667,1645.3127,235.5216,676.6687,6.1318,42.42641,152.735,-0.0133333,4.044874,0.0000,-24.0000,4579.45283,-0.03733,-0.000000,-0.013032,0
785,32.708333,1647.0795,234.4116,675.2941,6.1381,42.42641,152.735,-0.0133333,4.021316,0.0000,-24.0000,4584.36081,-0.03733,-0.000000,-0.013032,0
786,32.750000,1648.8464,233.2695,673.9460,6.1444,42.42641,152.735,-0.0133333,3.997758,0.0000,-24.0000,4589.26879,-0.03733,-0.000000,-0.013032,0
787,32.791667,1650.6133,232.0960,672.6252,6.1506,42.42641,152.735,-0.0133333,3.974199,0.0000,-24.0000,4594.17677,-0.03733,-0.000000,-0.013032,0
788,32.833333,1652.3802,230.8917,671.3323,6.1569,42.42641,152.735,-0.0133333,3.950641,0.0000,-24.0000,4599.08475,-0.03733,-0.000000,-0.013032,0
789,32.875000,1654.1470,229.6573,670.0683,6.1632,42.42641,152.735,-0.0133333,3.927083,0.0000,-24.0000,4603.99273,-0.03733,-0.000000,-0.013032,0
790,32.916667,1655.9139,228.3934,668.8337,6.1694,42.42641,152.735,-0.0133333,3.903525,0.0000,-24.0000,4608.90071,-0.03733,-0.000000,-0.013032,0
791,32.958333,1657.6808,227.1008,667.6291,6.1757,42.42641,152.735,-0.0133333,3.879966,0.0000,-24.0000,4613.80869,-0.03733,-0.000000,-0.013032,0
792,33.000000,1659.4476,225.7802,666.4554,6.1820,42.42641,152.735,-0.0133333,3.856408,0.0000,-24.0000,4618.71667,-0.03733,-0.000000,-0.013032,0
793,33.041667,1661.2145,224.4323,665.3131,6.1882,42.42641,152.735,-0.0133333,3.832850,0.0000,-24.0000,4623.62465,-0.03733,-0.000000,-0.013032,0
794,33.083333,1662.9814,223.0579,664.2028,6.1945,42.42641,152.735,-0.0133333,3.809291,0.0000,-24.0000,4628.53263,-0.03733,-0.000000,-0.013032,0
795,33.125000,1664.7483,221.6577,663.1253,6.2008,42.42641,152.735,-0.0133333,3.785733,0.0000,-24.0000,4633.44061,-0.03733,-0.000000,-0.013032,0
796,33.166667,1666.5151,220.2325,662.0810,6.2071,42.42641,152.735,-0.0133333,3.762175,0.0000,-24.0000,4638.34859,-0.03733,-0.000000,-0.013032,0
797,33.208333,1668.2820,218.7831,661.0705,6.2133,42.42641,152.735,-0.0133333,3.738616,0.0000,-24.0000,4643.25657,-0.03733,-0.000000,-0.013032,0
798,33.250000,1670.0489,217.3104,660.0945,6.2196,42.42641,152.735,-0.0133333,3.715058,0.0000,-24.0000,4648.16455,-0.03733,-0.000000,-0.013032,0
799,33.291667,1671.8158,215.8150,659.1535,6.2259,42.42641,152.735,-0.0133333,3.691500,0.0000,-24.0000,4653.07253,-0.03733,-0.000000,-0.013032,0
800,33.333333,1673.5826,214.2979,658.2479,6.2321,42.42641,152.735,-0.0133333,3.667942,0.0000,-24.0000,4657.98051,-0.03733,-0.000000,-0.013032,0
801,33.375000,1675.3495,212.7599,657.3783,6.2384,42.42641,152.735,-0.0133333,3.644383,0.0000,-24.0000,4662.88849,-0.03733,-0.000000,-0.013032,0
802,33.416667,1677.1164,211.2018,656.5452,6.2447,42.42641,152.735,-0.0133333,3.620825,0.0000,-24.0000,4667.79647,-0.03733,-0.000000,-0.013032,0
803,33.458333,1678.8832,209.6245,655.7491,6.2509,42.42641,152.735,-0.0133333,3.597267,0.0000,-24.0000,4672.70445,-0.03733,-0.000000,-0.013032,0
804,33.500000,1680.6501,208.0289,654.9903,6.2572,42.42641,152.735,-0.0133333,3.573708,0.0000,-24.0000,4677.61243,-0.03733,-0.000000,-0.013032,0
805,33.541667,1682.4170,206.4158,654.2693,6.2635,42.42641,152.735,-0.0133333,3.550150,0.0000,-24.0000,4682.52041,-0.03733,-0.000000,-0.013032,0
806,33.583333,1684.1839,204.7863,653.5866,6.2697,42.42641,152.735,-0.0133333,3.526592,0.0000,-24.0000,4687.42839,-0.03733,-0.000000,-0.013032,0
807,33.625000,1685.9507,203.1411,652.9424,6.2760,42.42641,152.735,-0.0133333,3.503033,0.0000,-24.0000,4692.33637,-0.03733,-0.000000,-0.013032,0
808,33.666667,1687.7176,201.4811,652.3371,6.2823,42.42641,152.735,-0.0133333,3.479475,0.0000,-24.0000,4697.24435,-0.03733,-0.000000,-0.013032,0
809,33.708333,1689.4845,199.8074,651.7711,6.2885,42.42641,152.735,-0.0133333,3.455917,0.0000,-24.0000,4702.15233,-0.03733,-0.000000,-0.013032,0
810,33.750000,1691.2514,198.1208,651.2446,6.2948,42.42641,152.735,-0.0133333,3.432359,0.0000,-24.0000,4707.06031,-0.03733,-0.000000,-0.013032,0
811,33.791667,1693.0182,196.4223,650.7581,6.3011,42.42641,152.735,-0.0133333,3.408800,0.0000,-24.0000,4711.96829,-0.03733,-0.000000,-0.013032,0
812,33.833333,1694.7851,194.7128,650.3117,6.3074,42.42641,152.735,-0.0133333,3.385242,0.0000,-24.0000,4716.87627,-0.03733,-0.000000,-0.013032,0
813,33.875000,1696.5520,192.9933,649.9056,6.3136,42.42641,152.735,-0.0133333,3.361684,4.5748,-24.0000,4721.78425,-0.03733,-0.004258,-0.013032,0
814,33.916667,1698.3237,191.2684,649.5277,6.3199,42.80764,154.108,0.0000000,3.351032,11.2373,0.0000,4726.70574,0.00000,-0.010460,0.000000,0
815,33.958333,1700.1173,189.5140,649.1548,6.3263,43.36285,156.106,0.0000000,3.351032,13.3561,0.0000,4731.68793,0.00000,-0.012432,0.000000,0
816,34.000000,1701.9341,187.7368,648.7771,6.3327,43.92065,158.114,0.0000000,3.351032,13.4186,0.0000,4736.73469,0.00000,-0.012491,0.000000,0
817,34.041667,1703.7742,185.9369,648.3945,6.3392,44.48107,160.132,0.0000000,3.351032,13.4821,0.0000,4741.84609,0.00000,-0.012550,0.000000,0
818,34.083333,1705.6377,184.1141,648.0070,6.3459,45.04416,162.159,0.0000000,3.351032,13.5468,0.0000,4747.02250,0.00000,-0.012610,0.000000,0
819,34.125000,1707.5248,182.2683,647.6147,6.3525,45.60997,164.196,0.0000000,3.351032,13.6126,0.0000,4752.26437,0.00000,-0.012671,0.000000,0
820,34.166667,1709.4355,180.3994,647.2174,6.3593,46.17854,166.243,0.0000000,3.351032,13.6795,0.0000,4757.57188,0.00000,-0.012733,0.000000,0
821,34.208333,1711.3699,178.5072,646.8153,6.3662,46.74993,168.300,0.0000000,3.351032,13.7476,0.0000,4762.94529,0.00000,-0.012797,0.000000,0
822,34.250000,1713.3283,176.5917,646.4081,6.3731,47.32418,170.367,0.0000000,3.351032,13.8170,0.0000,4768.38513,0.00000,-0.012861,0.000000,0
823,34.291667,1715.3106,174.6526,645.9959,6.3802,47.90134,172.445,0.0000000,3.351032,13.8874,0.0000,4773.89165,0.00000,-0.012927,0.000000,0
824,34.333333,1717.3171,172.6900,645.5788,6.3873,48.48147,174.533,0.0000000,3.351032,13.9591,0.0000,4779.46514,0.00000,-0.012994,0.000000,0
825,34.375000,1719.3478,170.7037,645.1566,6.3945,49.06460,176.633,0.0000000,3.351032,13.9659,0.0000,4785.10593,0.00000,-0.013000,0.000000,0
826,34.416667,1721.4028,168.6936,644.7293,6.4018,49.64529,178.723,0.0000000,3.351032,13.8174,0.0000,4790.81439,0.00000,-0.012862,0.000000,0
827,34.458333,1723.4819,166.6599,644.2970,6.4092,50.21605,180.778,0.0000000,3.351032,13.5825,0.0000,4796.58956,0.00000,-0.012643,0.000000,0
828,34.500000,1725.5845,164.6033,643.8599,6.4166,50.77716,182.798,0.0000000,3.351032,13.3541,0.0000,4802.43022,0.00000,-0.012431,0.000000,0
829,34.541667,1727.7104,162.5238,643.4179,6.4242,51.32889,184.784,0.0000000,3.351032,13.1328,0.0000,4808.33555,0.00000,-0.012225,0.000000,0
830,34.583333,1729.8591,160.4221,642.9711,6.4318,51.87156,186.738,0.0000000,3.351032,12.9181,0.0000,4814.30413,0.00000,-0.012025,0.000000,0
831,34.625000,1732.0303,158.2983,642.5197,6.4395,52.40540,188.659,0.0000000,3.351032,12.7094,0.0000,4820.33527,0.00000,-0.011830,0.000000,0
832,34.666667,1734.2236,156.1529,642.0637,6.4473,52.93068,190.550,0.0000000,3.351032,12.5070,0.0000,4826.42774,0.00000,-0.011642,0.000000,0
833,34.708333,1736.4387,153.9863,641.6032,6.4551,53.44765,192.412,0.0000000,3.351032,12.3102,0.0000,4832.58059,0.00000,-0.011459,0.000000,0
834,34.750000,1738.6751,151.7988,641.1382,6.4631,53.95653,194.244,0.0000000,3.351032,12.1186,0.0000,4838.79288,0.00000,-0.011281,0.000000,0
835,34.791667,1740.9326,149.5906,640.6688,6.4711,54.45753,196.047,0.0000000,3.351032,11.9321,0.0000,4845.06371,0.00000,-0.011107,0.000000,0
836,34.833333,1743.2108,147.3621,640.1952,6.4792,54.95087,197.823,0.0000000,3.351032,11.7505,0.0000,4851.39216,0.00000,-0.010938,0.000000,0
837,34.875000,1745.5095,145.1137,639.7172,6.4873,55.43674,199.572,0.0000000,3.351032,11.5735,0.0000,4857.77734,0.00000,-0.010773,0.000000,0
838,34.916667,1747.8283,142.8456,639.2351,6.4955,55.91533,201.295,0.0000000,3.351032,11.4008,0.0000,4864.21836,0.00000,-0.010612,0.000000,0
839,34.958333,1750.1669,140.5581,638.7489,6.5038,56.38681,202.993,0.0000000,3.351032,11.2323,0.0000,4870.71451,0.00000,-0.010456,0.000000,0
840,35.000000,1752.5250,138.2515,638.2586,6.5122,56.85135,204.665,0.0000000,3.351032,11.0680,0.0000,4877.26486,0.00000,-0.010303,0.000000,0
841,35.041667,1754.9024,135.9261,637.7644,6.5206,57.30914,206.313,0.0000000,3.351032,10.9074,0.0000,4883.86864,0.00000,-0.010153,0.000000,0
842,35.083333,1757.2987,133.5821,637.2661,6.5291,57.76030,207.937,0.0000000,3.351032,10.7505,0.0000,4890.52509,0.00000,-0.010007,0.000000,0
843,35.125000,1759.7137,131.2199,636.7640,6.5377,58.20501,209.538,0.0000000,3.351032,10.5972,0.0000,4897.23346,0.00000,-0.009864,0.000000,0
844,35.166667,1762.1471,128.8397,636.2581,6.5463,58.64340,211.116,0.0000000,3.351032,10.4473,0.0000,4903.99295,0.00000,-0.009725,0.000000,0
845,35.208333,1764.5987,126.4417,635.7484,6.5550,59.07562,212.672,0.0000000,3.351032,10.3005,0.0000,4910.80286,0.00000,-0.009588,0.000000,0
846,35.250000,1767.0682,124.0261,635.2349,6.5638,59.50178,214.206,0.0000000,3.351032,10.1569,0.0000,4917.66257,0.00000,-0.009454,0.000000,0
847,35.291667,1769.5553,121.5933,634.7178,6.5726,59.92203,215.719,0.0000000,3.351032,10.0164,0.0000,4924.57128,0.00000,-0.009324,0.000000,0
848,35.333333,1772.0598,119.1435,634.1971,6.5815,60.33648,217.211,0.0000000,3.351032,9.8788,0.0000,4931.52835,0.00000,-0.009196,0.000000,0
849,35.375000,1774.5816,116.6769,633.6728,6.5905,60.74526,218.683,0.0000000,3.351032,9.7440,0.0000,4938.53308,0.00000,-0.009070,0.000000,0
850,35.416667,1777.1202,114.1938,633.1450,6.5995,61.14848,220.135,0.0000000,3.351032,9.6118,0.0000,4945.58488,0.00000,-0.008947,0.000000,0
851,35.458333,1779.6756,111.6942,632.6137,6.6085,61.54625,221.566,0.0000000,3.351032,9.4823,0.0000,4952.68309,0.00000,-0.008827,0.000000,0
852,35.500000,1782.2474,109.1786,632.0790,6.6177,61.93867,222.979,0.0000000,3.351032,9.3554,0.0000,4959.82706,0.00000,-0.008708,0.000000,0
853,35.541667,1784.8355,106.6471,631.5409,6.6268,62.32587,224.373,0.0000000,3.351032,9.2308,0.0000,4967.01614,0.00000,-0.008592,0.000000,0
854,35.583333,1787.4396,104.0999,630.9995,6.6361,62.70791,225.748,0.0000000,3.351032,9.1086,0.0000,4974.24985,0.00000,-0.008479,0.000000,0
855,35.625000,1790.0595,101.5372,630.4548,6.6454,63.08491,227.106,0.0000000,3.351032,8.9887,0.0000,4981.52748,0.00000,-0.008367,0.000000,0
856,35.666667,1792.6951,98.9592,629.9068,6.6547,63.45696,228.445,0.0000000,3.351032,8.8710,0.0000,4988.84853,0.00000,-0.008257,0.000000,0
857,35.708333,1795.3461,96.3661,629.3556,6.6641,63.82416,229.767,0.0000000,3.351032,8.7554,0.0000,4996.21233,0.00000,-0.008150,0.000000,0
858,35.750000,1798.0123,93.7582,628.8013,6.6736,64.18658,231.072,0.0000000,3.351032,8.6418,0.0000,5003.61848,0.00000,-0.008044,0.000000,0
859,35.791667,1800.6935,91.1356,628.2438,6.6831,64.54431,232.360,0.0000000,3.351032,8.5304,0.0000,5011.06630,0.00000,-0.007940,0.000000,0
860,35.833333,1803.3895,88.4985,627.6833,6.6927,64.89744,233.631,0.0000000,3.351032,8.4209,0.0000,5018.55527,0.00000,-0.007839,0.000000,0
861,35.875000,1806.1002,85.8470,627.1197,6.7023,65.24605,234.886,0.0000000,3.351032,8.3132,0.0000,5026.08488,0.00000,-0.007738,0.000000,0
862,35.916667,1808.8253,83.1815,626.5531,6.7119,65.59021,236.125,0.0000000,3.351032,8.2073,0.0000,5033.65466,0.00000,-0.007640,0.000000,0
863,35.958333,1811.5647,80.5020,625.9836,6.7217,65.93000,237.348,0.0000000,3.351032,8.1033,0.0000,5041.26403,0.00000,-0.007543,0.000000,0
864,36.000000,1814.3181,77.8087,625.4111,6.7314,66.26549,238.556,0.0000000,3.351032,8.0011,0.0000,5048.91251,0.00000,-0.007448,0.000000,0
865,36.041667,1817.0855,75.1018,624.8358,6.7413,66.59675,239.748,0.0000000,3.351032,7.9005,0.0000,5056.59960,0.00000,-0.007354,0.000000,0
866,36.083333,1819.8666,72.3815,624.2575,6.7511,66.92386,240.926,0.0000000,3.351032,7.8015,0.0000,5064.32482,0.00000,-0.007262,0.000000,0
867,36.125000,1822.6612,69.6479,623.6765,6.7610,67.24688,242.089,0.0000000,3.351032,7.7042,0.0000,5072.08772,0.00000,-0.007171,0.000000,0
868,36.166667,1825.4692,66.9012,623.0927,6.7710,67.56588,243.237,0.0000000,3.351032,7.6084,0.0000,5079.88778,0.00000,-0.007082,0.000000,0
869,36.208333,1828.2905,64.1417,622.5061,6.7810,67.88092,244.371,0.0000000,3.351032,7.5142,0.0000,5087.72455,0.00000,-0.006995,0.000000,0
870,36.250000,1831.1248,61.3693,621.9168,6.7911,68.19206,245.491,0.0000000,3.351032,7.4214,0.0000,5095.59758,0.00000,-0.006908,0.000000,0
871,36.291667,1833.9720,58.5843,621.3249,6.8012,68.49937,246.598,0.0000000,3.351032,7.3301,0.0000,5103.50646,0.00000,-0.006823,0.000000,0
872,36.333333,1836.8319,55.7869,620.7303,6.8113,68.80291,247.690,0.0000000,3.351032,7.2402,0.0000,5111.45067,0.00000,-0.006739,0.000000,0
873,36.375000,1839.7044,52.9772,620.1330,6.8215,69.10272,248.770,0.0000000,3.351032,7.1517,0.0000,5119.42987,0.00000,-0.006657,0.000000,0
874,36.416667,1842.5893,50.1553,619.5332,6.8317,69.39888,249.836,0.0000000,3.351032,7.0645,0.0000,5127.44353,0.00000,-0.006576,0.000000,0
875,36.458333,1845.4865,47.3214,618.9309,6.8420,69.69143,250.889,0.0000000,3.351032,6.9786,0.0000,5135.49134,0.00000,-0.006496,0.000000,0
876,36.500000,1848.3958,44.4757,618.3260,6.8523,69.98043,251.930,0.0000000,3.351032,6.8941,0.0000,5143.57279,0.00000,-0.006417,0.000000,0
877,36.541667,1851.3171,41.6182,617.7186,6.8627,70.26594,252.957,0.0000000,3.351032,6.8107,0.0000,5151.68751,0.00000,-0.006340,0.000000,0
878,36.583333,1854.2503,38.7491,617.1088,6.8731,70.54800,253.973,0.0000000,3.351032,6.7286,0.0000,5159.83512,0.00000,-0.006263,0.000000,0
879,36.625000,1857.1951,35.8687,616.4965,6.8836,70.82666,254.976,0.0000000,3.351032,6.6478,0.0000,5168.01519,0.00000,-0.006188,0.000000,0
880,36.666667,1860.1515,32.9769,615.8818,6.8940,71.10198,255.967,0.0000000,3.351032,6.5681,0.0000,5176.22733,0.00000,-0.006114,0.000000,0
881,36.708333,1863.1193,30.0740,615.2648,6.9046,71.37400,256.946,0.0000000,3.351032,6.4895,0.0000,5184.47116,0.00000,-0.006041,0.000000,0
882,36.750000,1866.0983,27.1600,614.6454,6.9151,71.64277,257.914,0.0000000,3.351032,0.0979,0.0000,5192.74631,0.00000,-0.000091,0.000000,0
883,36.791667,1869.0853,24.2383,614.0244,6.9257,71.38216,256.976,0.0000000,3.351032,-16.9905,0.0000,5201.04361,0.00000,0.015815,0.000000,0
884,36.833333,1872.0375,21.3506,613.4106,6.9362,70.22689,252.817,0.0000000,3.351032,-27.4791,0.0000,5209.24397,0.00000,0.025579,0.000000,0
885,36.875000,1874.9419,18.5097,612.8067,6.9465,69.09224,248.732,0.0000000,3.351032,-26.9929,0.0000,5217.31186,0.00000,0.025126,0.000000,0
886,36.916667,1877.7995,15.7145,612.2126,6.9567,67.97749,244.719,0.0000000,3.351032,-26.5229,0.0000,5225.24962,0.00000,0.024689,0.000000,0
887,36.958333,1880.6111,12.9644,611.6280,6.9666,66.88200,240.775,0.0000000,3.351032,-26.0682,0.0000,5233.05950,0.00000,0.024265,0.000000,0
888,37.000000,1883.3773,10.2586,611.0529,6.9764,65.80514,236.899,0.0000000,3.351032,-25.6285,0.0000,5240.74358,0.00000,0.023856,0.000000,0
889,37.041667,1886.0991,7.5963,610.4870,6.9861,64.74629,233.087,0.0000000,3.351032,-25.2031,0.0000,5248.30415,0.00000,0.023460,0.000000,0
890,37.083333,1888.7771,4.9768,609.9302,6.9956,63.70488,229.338,0.0000000,3.351032,-24.7915,0.0000,5255.74302,0.00000,0.023077,0.000000,0
891,37.125000,1891.4121,2.3994,609.3824,7.0049,62.68033,225.649,0.0000000,3.351032,-24.3932,0.0000,5263.06245,0.00000,0.022706,0.000000,0
892,37.166667,1894.0048,-0.1366,608.8433,7.0141,61.67211,222.020,0.0000000,3.351032,-24.0076,0.0000,5270.26422,0.00000,0.022347,0.000000,0
893,37.208333,1896.5557,-2.6318,608.3130,7.0232,60.67970,218.447,0.0000000,3.351032,-23.6341,0.0000,5277.35029,0.00000,0.022000,0.000000,0
894,37.250000,1899.0657,-5.0869,607.7911,7.0321,59.70260,214.929,0.0000000,3.351032,-23.2721,0.0000,5284.32236,0.00000,0.021663,0.000000,0
895,37.291667,1901.5352,-7.5025,607.2777,7.0409,58.74035,211.465,0.0000000,3.351032,-22.9215,0.0000,5291.18215,0.00000,0.021336,0.000000,0
896,37.333333,1903.9650,-9.8791,606.7725,7.0495,57.79248,208.053,0.0000000,3.351032,-22.5820,0.0000,5297.93142,0.00000,0.021020,0.000000,0
897,37.375000,1906.3556,-12.2175,606.2755,7.0580,56.85852,204.691,0.0000000,3.351032,-22.2525,0.0000,5304.57197,0.00000,0.020714,0.000000,0
898,37.416667,1908.7074,-14.5180,605.7865,7.0663,55.93811,201.377,0.0000000,3.351032,-21.9330,0.0000,5311.10495,0.00000,0.020416,0.000000,0
899,37.458333,1911.0213,-16.7813,605.3054,7.0745,55.03077,198.111,0.0000000,3.351032,-21.6235,0.0000,5317.53232,0.00000,0.020128,0.000000,0
900,37.500000,1913.2976,-19.0078,604.8321,7.0826,54.13614,194.890,0.0000000,3.351032,-21.3231,0.0000,5323.85544,0.00000,0.019848,0.000000,0
901,37.541667,1915.5369,-21.1982,604.3666,7.0905,53.25385,191.714,0.0000000,3.351032,-21.0317,0.0000,5330.07571,0.00000,0.019577,0.000000,0
902,37.583333,1917.7397,-23.3529,603.9086,7.0984,52.38351,188.581,0.0000000,3.351032,-20.7490,0.0000,5336.19454,0.00000,0.019314,0.000000,0
903,37.625000,1919.9065,-25.4723,603.4581,7.1060,51.52476,185.489,0.0000000,3.351032,-20.4747,0.0000,5342.21342,0.00000,0.019059,0.000000,0
904,37.666667,1922.0377,-27.5570,603.0150,7.1136,50.67728,182.438,0.0000000,3.351032,-20.2084,0.0000,5348.13353,0.00000,0.018811,0.000000,0
905,37.708333,1924.1339,-29.6073,602.5791,7.1210,49.84073,179.427,0.0000000,3.351032,-19.9497,0.0000,5353.95626,0.00000,0.018570,0.000000,0
906,37.750000,1926.1954,-31.6238,602.1505,7.1284,49.01481,176.453,0.0000000,3.351032,-15.4838,0.0000,5359.68267,0.00000,0.014413,0.000000,0
907,37.791667,1928.2268,-33.6159,601.7235,7.1356,48.55042,174.781,0.0113636,3.360987,-5.5727,26.7857,5365.32539,0.03182,0.005187,0.014544,0
908,37.833333,1930.2537,-35.5889,601.2597,7.1428,48.55042,174.781,0.0113636,3.384019,0.0000,26.7857,5370.95563,0.03182,-0.000000,0.014544,0
909,37.875000,1932.2806,-37.5508,600.7505,7.1499,48.55042,174.781,0.0113636,3.407052,0.0000,26.7857,5376.58587,0.03182,-0.000000,0.014544,0
910,37.916667,1934.3074,-39.5004,600.1963,7.1571,48.55042,174.781,0.0113636,3.430085,0.0000,26.7857,5382.21611,0.03182,-0.000000,0.014544,0
911,37.958333,1936.3343,-41.4367,599.5973,7.1643,48.55042,174.781,0.0113636,3.453118,0.0000,26.7857,5387.84635,0.03182,-0.000000,0.014544,0
912,38.000000,1938.3612,-43.3587,598.9539,7.1715,48.55042,174.781,0.0113636,3.476151,0.0000,26.7857,5393.47659,0.03182,-0.000000,0.014544,0
913,38.041667,1940.3881,-45.2654,598.2664,7.1787,48.55042,174.781,0.0113636,3.499183,0.0000,26.7857,5399.10683,0.03182,-0.000000,0.014544,0
914,38.083333,1942.4150,-47.1557,597.5351,7.1859,48.55042,174.781,0.0113636,3.522216,0.0000,26.7857,5404.73707,0.03182,-0.000000,0.014544,0
915,38.125000,1944.4419,-49.0287,596.7605,7.1931,48.55042,174.781,0.0113636,3.545249,0.0000,26.7857,5410.36730,0.03182,-0.000000,0.014544,0
916,38.166667,1946.4688,-50.8833,595.9429,7.2003,48.55042,174.781,0.0113636,3.568282,0.0000,26.7857,5415.99754,0.03182,-0.000000,0.014544,0
917,38.208333,1948.4956,-52.7187,595.0829,7.2075,48.55042,174.781,0.0113636,3.591314,0.0000,26.7857,5421.62778,0.03182,-0.000000,0.014544,0
918,38.250000,1950.5225,-54.5337,594.1809,7.2147,48.55042,174.781,0.0113636,3.614347,0.0000,26.7857,5427.25802,0.03182,-0.000000,0.014544,0
919,38.291667,1952.5494,-56.3275,593.2372,7.2219,48.55042,174.781,0.0113636,3.637380,0.0000,26.7857,5432.88826,0.03182,-0.000000,0.014544,0
920,38.333333,1954.5763,-58.0991,592.2526,7.2290,48.55042,174.781,0.0113636,3.660413,0.0000,26.7857,5438.51850,0.03182,-0.000000,0.014544,0
921,38.375000,1956.6032,-59.8475,591.2274,7.2362,48.55042,174.781,0.0113636,3.683446,0.0000,26.7857,5444.14874,0.03182,-0.000000,0.014544,0
922,38.416667,1958.6301,-61.5719,590.1622,7.2434,48.55042,174.781,0.0113636,3.706478,0.0000,26.7857,5449.77898,0.03182,-0.000000,0.014544,0
923,38.458333,1960.6570,-63.2712,589.0575,7.2506,48.55042,174.781,0.0113636,3.729511,0.0000,26.7857,5455.40922,0.03182,-0.000000,0.014544,0
924,38.500000,1962.6838,-64.9447,587.9140,7.2578,48.55042,174.781,0.0113636,3.752544,0.0000,26.7857,5461.03946,0.03182,-0.000000,0.014544,0
925,38.541667,1964.7107,-66.5914,586.7323,7.2650,48.55042,174.781,0.0113636,3.775577,0.0000,26.7857,5466.66970,0.03182,-0.000000,0.014544,0
926,38.583333,1966.7376,-68.2104,585.5129,7.2722,48.55042,174.781,0.0113636,3.798610,0.0000,26.7857,5472.29993,0.03182,-0.000000,0.014544,0
927,38.625000,1968.7645,-69.8009,584.2566,7.2794,48.55042,174.781,0.0113636,3.821642,0.0000,26.7857,5477.93017,0.03182,-0.000000,0.014544,0
928,38.666667,1970.7914,-71.3621,582.9640,7.2866,48.55042,174.781,0.0113636,3.844675,0.0000,26.7857,5483.56041,0.03182,-0.000000,0.014544,0
929,38.708333,1972.8183,-72.8931,581.6358,7.2938,48.55042,174.781,0.0113636,3.867708,0.0000,26.7857,5489.19065,0.03182,-0.000000,0.014544,0
930,38.750000,1974.8452,-74.3931,580.2726,7.3010,48.55042,174.781,0.0113636,3.890741,0.0000,26.7857,5494.82089,0.03182,-0.000000,0.014544,0
931,38.791667,1976.8721,-75.8613,578.8753,7.3081,48.55042,174.781,0.0113636,3.913774,0.0000,26.7857,5500.45113,0.03182,-0.000000,0.014544,0
932,38.833333,1978.8989,-77.2969,577.4446,7.3153,48.55042,174.781,0.0113636,3.936806,0.0000,26.7857,5506.08137,0.03182,-0.000000,0.014544,0
933,38.875000,1980.9258,-78.6992,575.9812,7.3225,48.55042,174.781,0.0113636,3.959839,0.0000,26.7857,5511.71161,0.03182,-0.000000,0.014544,0
934,38.916667,1982.9527,-80.0675,574.4858,7.3297,48.55042,174.781,0.0113636,3.982872,0.0000,26.7857,5517.34185,0.03182,-0.000000,0.014544,0
935,38.958333,1984.9796,-81.4009,572.9594,7.3369,48.55042,174.781,0.0113636,4.005905,5.3249,26.7857,5522.97209,0.03182,-0.004957,0.014544,0
936,39.000000,1987.0099,-82.7026,571.4078,7.3441,48.99416,176.379,0.0000000,4.014257,12.3048,0.0000,5528.61177,0.00000,-0.011454,0.000000,0
937,39.041667,1989.0620,-84.0217,569.8357,7.3514,49.57582,178.473,0.0000000,4.014257,13.8434,0.0000,5534.31208,0.00000,-0.012886,0.000000,0
938,39.083333,1991.1382,-85.3562,568.2453,7.3588,50.14777,180.532,0.0000000,4.014257,13.6105,0.0000,5540.07921,0.00000,-0.012669,0.000000,0
939,39.125000,1993.2380,-86.7059,566.6368,7.3662,50.71003,182.556,0.0000000,4.014257,13.3812,0.0000,5545.91204,0.00000,-0.012456,0.000000,0
940,39.166667,1995.3611,-88.0707,565.0103,7.3737,51.26287,184.546,0.0000000,4.014257,13.1590,0.0000,5551.80964,0.00000,-0.012249,0.000000,0
941,39.208333,1997.5071,-89.4501,563.3664,7.3814,51.80661,186.504,0.0000000,4.014257,12.9437,0.0000,5557.77069,0.00000,-0.012049,0.000000,0
942,39.250000,1999.6756,-90.8439,561.7053,7.3890,52.34151,188.429,0.0000000,4.014257,12.7343,0.0000,5563.79429,0.00000,-0.011854,0.000000,0
943,39.291667,2001.8662,-92.2521,560.0271,7.3968,52.86781,190.324,0.0000000,4.014257,12.5311,0.0000,5569.87943,0.00000,-0.011664,0.000000,0
944,39.333333,2004.0787,-93.6742,558.3323,7.4047,53.38576,192.189,0.0000000,4.014257,12.3336,0.0000,5576.02506,0.00000,-0.011481,0.000000,0
945,39.375000,2006.3125,-95.1101,556.6211,7.4126,53.89561,194.024,0.0000000,4.014257,-0.5278,0.0000,5582.23024,0.00000,0.000491,0.000000,0
946,39.416667,2008.5530,-96.5502,554.9048,7.4205,53.34178,192.030,0.0000000,4.014257,-17.1043,0.0000,5588.45366,0.00000,0.015921,0.000000,0
947,39.458333,2010.7594,-97.9685,553.2146,7.4284,52.47025,188.893,0.0000000,4.014257,-20.7771,0.0000,5594.58269,0.00000,0.019340,0.000000,0
948,39.500000,2012.9298,-99.3636,551.5520,7.4361,51.61036,185.797,0.0000000,4.014257,-20.5017,0.0000,5600.61151,0.00000,0.019084,0.000000,0
949,39.541667,2015.0645,-100.7358,549.9166,7.4436,50.76177,182.742,0.0000000,4.014257,-20.2346,0.0000,5606.54139,0.00000,0.018835,0.000000,0
950,39.583333,2017.1642,-102.0854,548.3082,7.4511,49.92414,179.727,0.0000000,4.014257,-19.9755,0.0000,5612.37384,0.00000,0.018594,0.000000,0
951,39.625000,2019.2292,-103.4128,546.7263,7.4584,49.09715,176.750,0.0000000,4.014257,-19.7236,0.0000,5618.11000,0.00000,0.018360,0.000000,0
952,39.666667,2021.2600,-104.7181,545.1707,7.4656,48.28051,173.810,0.0000000,4.014257,-19.4790,0.0000,5623.75093,0.00000,0.018132,0.000000,0
953,39.708333,2023.2569,-106.0017,543.6409,7.4727,47.47389,170.906,0.0000000,4.014257,-19.2418,0.0000,5629.29803,0.00000,0.017911,0.000000,0
954,39.750000,2025.2205,-107.2639,542.1367,7.4797,46.67702,168.037,0.0000000,4.014257,-19.0111,0.0000,5634.75244,0.00000,0.017696,0.000000,0
955,39.791667,2027.1510,-108.5048,540.6578,7.4865,45.88964,165.203,0.0000000,4.014257,-12.2161,0.0000,5640.11499,0.00000,0.011371,0.000000,0
956,39.833333,2029.0550,-109.7400,539.2103,7.4933,45.65902,164.372,-0.0121951,3.997911,-2.7675,-25.4237,5645.40374,-0.03415,0.002576,-0.013805,0
957,39.875000,2030.9566,-111.0025,537.7883,7.5000,45.65902,164.372,-0.0121951,3.974721,0.0000,-25.4237,5650.68596,-0.03415,-0.000000,-0.013805,0
958,39.916667,2032.8582,-112.2977,536.3961,7.5068,45.65902,164.372,-0.0121951,3.951531,0.0000,-25.4237,5655.96818,-0.03415,-0.000000,-0.013805,0
959,39.958333,2034.7598,-113.6247,535.0342,7.5135,45.65902,164.372,-0.0121951,3.928340,0.0000,-25.4237,5661.25040,-0.03415,-0.000000,-0.013805,0
960,40.000000,2036.6614,-114.9830,533.7034,7.5203,45.65902,164.372,-0.0121951,3.905150,0.0000,-25.4237,5666.53262,-0.03415,-0.000000,-0.013805,0
961,40.041667,2038.5630,-116.3719,532.4045,7.5270,45.65902,164.372,-0.0121951,3.881960,0.0000,-25.4237,5671.81483,-0.03415,-0.000000,-0.013805,0
962,40.083333,2040.4646,-117.7904,531.1381,7.5338,45.65902,164.372,-0.0121951,3.858770,0.0000,-25.4237,5677.09705,-0.03415,-0.000000,-0.013805,0
963,40.125000,2042.3662,-119.2379,529.9051,7.5405,45.65902,164.372,-0.0121951,3.835579,0.0000,-25.4237,5682.37927,-0.03415,-0.000000,-0.013805,0
964,40.166667,2044.2678,-120.7137,528.7058,7.5473,45.65902,164.372,-0.0121951,3.812389,0.0000,-25.4237,5687.66149,-0.03415,-0.000000,-0.013805,0
965,40.208333,2046.1694,-122.2168,527.5412,7.5540,45.65902,164.372,-0.0121951,3.789199,0.0000,-25.4237,5692.94370,-0.03415,-0.000000,-0.013805,0
966,40.250000,2048.0710,-123.7466,526.4117,7.5607,45.65902,164.372,-0.0121951,3.766009,0.0000,-25.4237,5698.22592,-0.03415,-0.000000,-0.013805,0
967,40.291667,2049.9726,-125.3020,525.3179,7.5675,45.65902,164.372,-0.0121951,3.742819,0.0000,-25.4237,5703.50814,-0.03415,-0.000000,-0.013805,0
968,40.333333,2051.8742,-126.8825,524.2606,7.5742,45.65902,164.372,-0.0121951,3.719628,0.0000,-25.4237,5708.79036,-0.03415,-0.000000,-0.013805,0
969,40.375000,2053.7758,-128.4871,523.2401,7.5810,45.65902,164.372,-0.0121951,3.696438,0.0000,-25.4237,5714.07257,-0.03415,-0.000000,-0.013805,0
970,40.416667,2055.6774,-130.1149,522.2571,7.5877,45.65902,164.372,-0.0121951,3.673248,0.0000,-25.4237,5719.35479,-0.03415,-0.000000,-0.013805,0
971,40.458333,2057.5790,-131.7651,521.3123,7.5945,45.65902,164.372,-0.0121951,3.650058,0.0000,-25.4237,5724.63701,-0.03415,-0.000000,-0.013805,0
972,40.500000,2059.4806,-133.4366,520.4058,7.6012,45.65902,164.372,-0.0121951,3.626867,0.0000,-25.4237,5729.91923,-0.03415,-0.000000,-0.013805,0
973,40.541667,2061.3822,-135.1288,519.5384,7.6080,45.65902,164.372,-0.0121951,3.603677,0.0000,-25.4237,5735.20145,-0.03415,-0.000000,-0.013805,0
974,40.583333,2063.2838,-136.8407,518.7105,7.6147,45.65902,164.372,-0.0121951,3.580487,0.0000,-25.4237,5740.48366,-0.03415,-0.000000,-0.013805,0
975,40.625000,2065.1854,-138.5712,517.9224,7.6215,45.65902,164.372,-0.0121951,3.557297,0.0000,-25.4237,5745.76588,-0.03415,-0.000000,-0.013805,0
976,40.666667,2067.0870,-140.3197,517.1747,7.6282,45.65902,164.372,-0.0121951,3.534107,0.0000,-25.4237,5751.04810,-0.03415,-0.000000,-0.013805,0
977,40.708333,2068.9886,-142.0849,516.4678,7.6350,45.65902,164.372,-0.0121951,3.510916,0.0000,-25.4237,5756.33032,-0.03415,-0.000000,-0.013805,0
978,40.750000,2070.8902,-143.8661,515.8019,7.6417,45.65902,164.372,-0.0121951,3.487726,0.0000,-25.4237,5761.61253,-0.03415,-0.000000,-0.013805,0
979,40.791667,2072.7918,-145.6622,515.1776,7.6485,45.65902,164.372,-0.0121951,3.464536,0.0000,-25.4237,5766.89475,-0.03415,-0.000000,-0.013805,0
980,40.833333,2074.6934,-147.4723,514.5950,7.6552,45.65902,164.372,-0.0121951,3.441346,0.0000,-25.4237,5772.17697,-0.03415,-0.000000,-0.013805,0
981,40.875000,2076.5950,-149.2955,514.0547,7.6619,45.65902,164.372,-0.0121951,3.418155,0.0000,-25.4237,5777.45919,-0.03415,-0.000000,-0.013805,0
982,40.916667,2078.4965,-151.1307,513.5567,7.6687,45.65902,164.372,-0.0121951,3.394965,0.0000,-25.4237,5782.74140,-0.03415,-0.000000,-0.013805,0
983,40.958333,2080.3981,-152.9769,513.1014,7.6754,45.65902,164.372,-0.0121951,3.371775,0.0000,-25.4237,5788.02362,-0.03415,-0.000000,-0.013805,0
984,41.000000,2082.2997,-154.8333,512.6891,7.6822,45.65902,164.372,-0.0121951,3.348585,0.0000,-25.4237,5793.30584,-0.03415,-0.000000,-0.013805,0
985,41.041667,2084.2013,-156.6986,512.3198,7.6889,45.65902,164.372,-0.0121951,3.325395,0.0000,-25.4237,5798.58806,-0.03415,-0.000000,-0.013805,0
986,41.083333,2086.1029,-158.5721,511.9940,7.6957,45.65902,164.372,-0.0121951,3.302204,0.0000,-25.4237,5803.87028,-0.03415,-0.000000,-0.013805,0
987,41.125000,2088.0045,-160.4525,511.7117,7.7024,45.65902,164.372,-0.0121951,3.279014,0.0000,-25.4237,5809.15249,-0.03415,-0.000000,-0.013805,0
988,41.166667,2089.9061,-162.3390,511.4730,7.7092,45.65902,164.372,-0.0121951,3.255824,4.9198,-25.4237,5814.43471,-0.03415,-0.004580,-0.013805,0
989,41.208333,2091.8133,-164.2411,511.2622,7.7159,46.06900,165.848,0.0000000,3.246312,11.7699,0.0000,5819.73247,0.00000,-0.010956,0.000000,0
990,41.250000,2093.7432,-166.1604,511.0604,7.7228,46.63984,167.903,0.0000000,3.246312,13.7344,0.0000,5825.09322,0.00000,-0.012785,0.000000,0
991,41.291667,2095.6969,-168.1034,510.8562,7.7297,47.21353,169.969,0.0000000,3.246312,13.8035,0.0000,5830.52020,0.00000,-0.012849,0.000000,0
992,41.333333,2097.6746,-170.0702,510.6495,7.7367,47.79013,172.044,0.0000000,3.246312,13.8738,0.0000,5836.01385,0.00000,-0.012914,0.000000,0
993,41.375000,2099.6764,-172.0611,510.4403,7.7438,48.36968,174.131,0.0000000,3.246312,13.9453,0.0000,5841.57443,0.00000,-0.012981,0.000000,0
994,41.416667,2101.7025,-174.0760,510.2285,7.7510,48.95224,176.228,0.0000000,3.246312,13.9767,0.0000,5847.20231,0.00000,-0.013010,0.000000,0
995,41.458333,2103.7529,-176.1152,510.0142,7.7583,49.53441,178.324,0.0000000,3.246312,13.8579,0.0000,5852.89780,0.00000,-0.012900,0.000000,0
996,41.500000,2105.8273,-178.1783,509.7973,7.7657,50.10707,180.385,0.0000000,3.246312,13.6273,0.0000,5858.66021,0.00000,-0.012685,0.000000,0
997,41.541667,2107.9254,-180.2649,509.5780,7.7731,50.67002,182.412,0.0000000,3.246312,13.1520,0.0000,5864.48833,0.00000,-0.012242,0.000000,0
998,41.583333,2110.0469,-182.3748,509.3562,7.7806,51.20306,184.331,0.0000000,3.246312,-2.9468,0.0000,5870.38135,0.00000,0.002743,0.000000,0
999,41.625000,2112.1673,-184.4835,509.1346,7.7881,50.42445,181.528,0.0000000,3.246312,-19.3431,0.0000,5876.27125,0.00000,0.018005,0.000000,0
1000,41.666667,2114.2530,-186.5578,508.9166,7.7955,49.59114,178.528,0.0000000,3.246312,-19.8733,0.0000,5882.06478,0.00000,0.018499,0.000000,0
1001,41.708333,2116.3042,-188.5977,508.7022,7.8028,48.76834,175.566,0.0000000,3.246312,-19.6246,0.0000,5887.76254,0.00000,0.018267,0.000000,0
1002,41.750000,2118.3213,-190.6038,508.4913,7.8100,47.95576,172.641,0.0000000,3.246312,-19.3830,0.0000,5893.36573,0.00000,0.018043,0.000000,0
1003,41.791667,2120.3048,-192.5765,508.2840,7.8170,47.15309,169.751,0.0000000,3.246312,-19.1484,0.0000,5898.87547,0.00000,0.017824,0.000000,0
1004,41.833333,2122.2551,-194.5161,508.0801,7.8239,46.36005,166.896,0.0000000,3.246312,-18.9206,0.0000,5904.29293,0.00000,0.017612,0.000000,0
1005,41.875000,2124.1726,-196.4230,507.8797,7.8307,45.57637,164.075,0.0000000,3.246312,-18.6990,0.0000,5909.61926,0.00000,0.017406,0.000000,0
1006,41.916667,2126.0575,-198.2976,507.6827,7.8374,44.80180,161.286,0.0000000,3.246312,-18.4839,0.0000,5914.85518,0.00000,0.017206,0.000000,0
1007,41.958333,2127.9105,-200.1404,507.4890,7.8440,44.03605,158.530,0.0000000,3.246312,-18.2750,0.0000,5920.00228,0.00000,0.017011,0.000000,0
1008,42.000000,2129.7316,-201.9516,507.2986,7.8505,43.27889,155.804,0.0000000,3.246312,-13.8704,0.0000,5925.06111,0.00000,0.012911,0.000000,0
1009,42.041667,2131.5242,-203.7330,507.1077,7.8568,42.88018,154.369,0.0131579,3.257339,-4.7845,24.1935,5930.04031,0.03684,0.004454,0.013137,0
1010,42.083333,2133.3113,-205.5056,506.8805,7.8632,42.88018,154.369,0.0131579,3.280855,0.0000,24.1935,5935.00465,0.03684,-0.000000,0.013137,0
1011,42.125000,2135.0985,-207.2723,506.6116,7.8695,42.88018,154.369,0.0131579,3.304370,0.0000,24.1935,5939.96899,0.03684,-0.000000,0.013137,0
1012,42.166667,2136.8856,-209.0323,506.3013,7.8758,42.88018,154.369,0.0131579,3.327885,0.0000,24.1935,5944.93334,0.03684,-0.000000,0.013137,0
1013,42.208333,2138.6728,-210.7845,505.9497,7.8822,42.88018,154.369,0.0131579,3.351401,0.0000,24.1935,5949.89768,0.03684,-0.000000,0.013137,0
1014,42.250000,2140.4600,-212.5279,505.5570,7.8885,42.88018,154.369,0.0131579,3.374916,0.0000,24.1935,5954.86202,0.03684,-0.000000,0.013137,0
1015,42.291667,2142.2471,-214.2617,505.1233,7.8949,42.88018,154.369,0.0131579,3.398431,0.0000,24.1935,5959.82636,0.03684,-0.000000,0.013137,0
1016,42.333333,2144.0343,-215.9847,504.6490,7.9010,42.88018,154.369,0.0131579,3.421947,0.0000,24.1935,5964.79071,0.03684,-0.000000,0.013137,0
1017,42.375000,2145.8215,-217.6961,504.1344,7.9069,42.88018,154.369,0.0131579,3.445462,0.0000,24.1935,5969.75505,0.03684,-0.000000,0.013137,0
1018,42.416667,2147.6086,-219.3949,503.5796,7.9124,42.88018,154.369,0.0131579,3.468977,0.0000,24.1935,5974.71939,0.03684,-0.000000,0.013137,0
1019,42.458333,2149.3958,-221.0803,502.9851,7.9177,42.88018,154.369,0.0131579,3.492493,0.0000,24.1935,5979.68373,0.03684,-0.000000,0.013137,0
1020,42.500000,2151.1830,-222.7512,502.3512,7.9227,42.88018,154.369,0.0131579,3.516008,0.0000,24.1935,5984.64808,0.03684,-0.000000,0.013137,0
1021,42.541667,2152.9701,-224.4067,501.6780,7.9274,42.88018,154.369,0.0131579,3.539523,0.0000,24.1935,5989.61242,0.03684,-0.000000,0.013137,0
1022,42.583333,2154.7573,-226.0459,500.9661,7.9318,42.88018,154.369,0.0131579,3.563038,0.0000,24.1935,5994.57676,0.03684,-0.000000,0.013137,0
1023,42.625000,2156.5444,-227.6679,500.2159,7.9360,42.88018,154.369,0.0131579,3.586554,0.0000,24.1935,5999.54110,0.03684,-0.000000,0.013137,0
1024,42.666667,2158.3316,-229.2719,499.4278,7.9398,42.88018,154.369,0.0131579,3.610069,0.0000,24.1935,6004.50544,0.03684,-0.000000,0.013137,0
1025,42.708333,2160.1188,-230.8568,498.6022,7.9434,42.88018,154.369,0.0131579,3.633584,0.0000,24.1935,6009.46979,0.03684,-0.000000,0.013137,0
1026,42.750000,2161.9059,-232.4220,497.7395,7.9467,42.88018,154.369,0.0131579,3.657100,0.0000,24.1935,6014.43413,0.03684,-0.000000,0.013137,0
1027,42.791667,2163.6931,-233.9664,496.8404,7.9497,42.88018,154.369,0.0131579,3.680615,0.0000,24.1935,6019.39847,0.03684,-0.000000,0.013137,0
1028,42.833333,2165.4803,-235.4892,495.9050,7.9524,42.88018,154.369,0.0131579,3.704130,0.0000,24.1935,6024.36281,0.03684,-0.000000,0.013137,0
1029,42.875000,2167.2674,-236.9896,494.9342,7.9548,42.88018,154.369,0.0131579,3.727646,0.0000,24.1935,6029.32716,0.03684,-0.000000,0.013137,0
1030,42.916667,2169.0546,-238.4668,493.9283,7.9570,42.88018,154.369,0.0131579,3.751161,0.0000,24.1935,6034.29150,0.03684,-0.000000,0.013137,0
1031,42.958333,2170.8417,-239.9199,492.8880,7.9588,42.88018,154.369,0.0131579,3.774676,0.0000,24.1935,6039.25584,0.03684,-0.000000,0.013137,0
1032,43.000000,2172.6289,-241.3482,491.8138,7.9604,42.88018,154.369,0.0131579,3.798191,0.0000,24.1935,6044.22018,0.03684,-0.000000,0.013137,0
1033,43.041667,2174.4161,-242.7508,490.7064,7.9617,42.88018,154.369,0.0131579,3.821707,0.0000,24.1935,6049.18452,0.03684,-0.000000,0.013137,0
1034,43.083333,2176.2032,-244.1270,489.5663,7.9627,42.88018,154.369,0.0131579,3.845222,0.0000,24.1935,6054.14887,0.03684,-0.000000,0.013137,0
1035,43.125000,2177.9904,-245.4760,488.3940,7.9634,42.88018,154.369,0.0131579,3.868737,0.0000,24.1935,6059.11321,0.03684,-0.000000,0.013137,0
1036,43.166667,2179.7776,-246.7970,487.1904,7.9638,42.88018,154.369,0.0131579,3.892253,0.0000,24.1935,6064.07755,0.03684,-0.000000,0.013137,0
1037,43.208333,2181.5647,-248.0894,485.9561,7.9639,42.88018,154.369,0.0131579,3.915768,0.0000,24.1935,6069.04189,0.03684,-0.000000,0.013137,0
1038,43.250000,2183.3519,-249.3524,484.6917,7.9638,42.88018,154.369,0.0131579,3.939283,0.0000,24.1935,6074.00624,0.03684,-0.000000,0.013137,0
1039,43.291667,2185.1391,-250.5854,483.3980,7.9634,42.88018,154.369,0.0131579,3.962799,0.0000,24.1935,6078.97058,0.03684,-0.000000,0.013137,0
1040,43.333333,2186.9262,-251.7876,482.0757,7.9626,42.88018,154.369,0.0131579,3.986314,0.0000,24.1935,6083.93492,0.03684,-0.000000,0.013137,0
1041,43.375000,2188.7134,-252.9583,480.7255,7.9616,42.88018,154.369,0.0131579,4.009829,0.0000,24.1935,6088.89926,0.03684,-0.000000,0.013137,0
1042,43.416667,2190.5005,-254.0970,479.3481,7.9604,42.88018,154.369,0.0131579,4.033345,3.1211,24.1935,6093.86361,0.03684,-0.002905,0.013137,0
1043,43.458333,2192.2894,-255.2011,477.9478,7.9588,43.14027,155.305,0.0000000,4.049164,9.8246,0.0000,6098.83257,0.00000,-0.009145,0.000000,0
1044,43.500000,2194.0969,-256.3140,476.5234,7.9569,43.69890,157.316,0.0000000,4.049164,13.4392,0.0000,6103.85350,0.00000,-0.012510,0.000000,0
1045,43.541667,2195.9277,-257.4411,475.0807,7.9547,44.26020,159.337,0.0000000,4.049164,13.5042,0.0000,6108.93917,0.00000,-0.012570,0.000000,0
1046,43.583333,2197.7821,-258.5828,473.6194,7.9522,44.82424,161.367,0.0000000,4.049164,13.5703,0.0000,6114.09016,0.00000,-0.012632,0.000000,0
1047,43.625000,2199.6600,-259.7389,472.1396,7.9493,45.39106,163.408,0.0000000,4.049164,13.6376,0.0000,6119.30652,0.00000,-0.012694,0.000000,0
1048,43.666667,2201.5616,-260.9097,470.6412,7.9460,45.96071,165.459,0.0000000,4.049164,13.7057,0.0000,6124.58877,0.00000,-0.012758,0.000000,0
1049,43.708333,2203.4870,-262.0951,469.1239,7.9425,46.53320,167.520,0.0000000,4.049164,13.7742,0.0000,6129.93703,0.00000,-0.012822,0.000000,0
1050,43.750000,2205.4363,-263.2952,467.5879,7.9390,47.10856,169.591,0.0000000,4.049164,13.8434,0.0000,6135.35178,0.00000,-0.012886,0.000000,0
1051,43.791667,2207.4097,-264.5101,466.0328,7.9354,47.68682,171.673,0.0000000,4.049164,13.9137,0.0000,6140.83340,0.00000,-0.012951,0.000000,0
1052,43.833333,2209.4072,-265.7399,464.4587,7.9318,48.26803,173.765,0.0000000,4.049164,13.9852,0.0000,6146.38211,0.00000,-0.013018,0.000000,0
1053,43.875000,2211.4290,-266.9847,462.8655,7.9281,48.85225,175.868,0.0000000,4.049164,14.0339,0.0000,6151.99825,0.00000,-0.013063,0.000000,0
1054,43.916667,2213.4752,-268.2445,461.2531,7.9244,49.43753,177.975,0.0000000,4.049164,13.9411,0.0000,6157.68222,0.00000,-0.012977,0.000000,0
1055,43.958333,2215.5458,-269.5192,459.6215,7.9206,50.01401,180.050,0.0000000,4.049164,13.7180,0.0000,6163.43365,0.00000,-0.012769,0.000000,0
1056,44.000000,2217.6401,-270.8086,457.9711,7.9168,50.58069,182.090,0.0000000,4.049164,13.4863,0.0000,6169.25126,0.00000,-0.012554,0.000000,0
1057,44.041667,2219.7579,-272.1124,456.3023,7.9129,51.13787,184.096,0.0000000,4.049164,13.2617,0.0000,6175.13402,0.00000,-0.012345,0.000000,0
1058,44.083333,2221.8987,-273.4305,454.6153,7.9091,51.68583,186.069,0.0000000,4.049164,13.0438,0.0000,6181.08085,0.00000,-0.012142,0.000000,0
1059,44.125000,2224.0623,-274.7625,452.9104,7.9051,52.22485,188.009,0.0000000,4.049164,12.8324,0.0000,6187.09071,0.00000,-0.011945,0.000000,0
1060,44.166667,2226.2481,-276.1082,451.1879,7.9011,52.75520,189.919,0.0000000,4.049164,12.6272,0.0000,6193.16247,0.00000,-0.011754,0.000000,0
1061,44.208333,2228.4559,-277.4675,449.4481,7.8971,53.27712,191.798,0.0000000,4.049164,12.4275,0.0000,6199.29521,0.00000,-0.011568,0.000000,0
1062,44.250000,2230.6853,-278.8400,447.6913,7.8931,53.79083,193.647,0.0000000,4.049164,-2.4405,0.0000,6205.48803,0.00000,0.002272,0.000000,0
1063,44.291667,2232.9162,-280.2135,445.9334,7.8890,53.07374,191.065,0.0000000,4.049164,-18.9939,0.0000,6211.68494,0.00000,0.017680,0.000000,0
1064,44.333333,2235.1116,-281.5651,444.2034,7.8850,52.20800,187.949,0.0000000,4.049164,-17.9387,0.0000,6217.78316,0.00000,0.016698,0.000000,0
1065,44.375000,2237.2715,-282.9015,442.5029,7.8811,51.57885,185.684,-0.0106383,4.043114,-7.5499,-28.3019,6223.78300,-0.02979,0.007028,-0.015368,0
1066,44.416667,2239.4193,-284.2531,440.8339,7.8772,51.57885,185.684,-0.0106383,4.020265,0.0000,-28.3019,6229.74893,-0.02979,-0.000000,-0.015368,0
1067,44.458333,2241.5670,-285.6426,439.1962,7.8733,51.57885,185.684,-0.0106383,3.997417,0.0000,-28.3019,6235.71486,-0.02979,-0.000000,-0.015368,0
1068,44.500000,2243.7147,-287.0690,437.5906,7.8694,51.57885,185.684,-0.0106383,3.974569,0.0000,-28.3019,6241.68079,-0.02979,-0.000000,-0.015368,0
1069,44.541667,2245.8625,-288.5318,436.0181,7.8655,51.57885,185.684,-0.0106383,3.951721,0.0000,-28.3019,6247.64672,-0.02979,-0.000000,-0.015368,0
1070,44.583333,2248.0102,-290.0301,434.4794,7.8616,51.57885,185.684,-0.0106383,3.928872,0.0000,-28.3019,6253.61265,-0.02979,-0.000000,-0.015368,0
1071,44.625000,2250.1579,-291.5631,432.9753,7.8577,51.57885,185.684,-0.0106383,3.906024,0.0000,-28.3019,6259.57858,-0.02979,-0.000000,-0.015368,0
1072,44.666667,2252.3057,-293.1302,431.5066,7.8538,51.57885,185.684,-0.0106383,3.883176,0.0000,-28.3019,6265.54451,-0.02979,-0.000000,-0.015368,0
1073,44.708333,2254.4534,-294.7303,430.0741,7.8499,51.57885,185.684,-0.0106383,3.860328,0.0000,-28.3019,6271.51045,-0.02979,-0.000000,-0.015368,0
1074,44.750000,2256.6011,-296.3628,428.6786,7.8460,51.57885,185.684,-0.0106383,3.837479,0.0000,-28.3019,6277.47638,-0.02979,-0.000000,-0.015368,0
1075,44.791667,2258.7489,-298.0268,427.3207,7.8421,51.57885,185.684,-0.0106383,3.814631,0.0000,-28.3019,6283.44231,-0.02979,-0.000000,-0.015368,0
1076,44.833333,2260.8966,-299.7213,426.0012,7.8382,51.57885,185.684,-0.0106383,3.791783,0.0000,-28.3019,6289.40824,-0.02979,-0.000000,-0.015368,0
1077,44.875000,2263.0443,-301.4455,424.7207,7.8342,51.57885,185.684,-0.0106383,3.768935,0.0000,-28.3019,6295.37417,-0.02979,-0.000000,-0.015368,0
1078,44.916667,2265.1921,-303.1985,423.4799,7.8303,51.57885,185.684,-0.0106383,3.746086,0.0000,-28.3019,6301.34010,-0.02979,-0.000000,-0.015368,0
1079,44.958333,2267.3398,-304.9795,422.2796,7.8264,51.57885,185.684,-0.0106383,3.723238,0.0000,-28.3019,6307.30603,-0.02979,-0.000000,-0.015368,0
1080,45.000000,2269.4876,-306.7874,421.1203,7.8225,51.57885,185.684,-0.0106383,3.700390,0.0000,-28.3019,6313.27197,-0.02979,-0.000000,-0.015368,0
1081,45.041667,2271.6353,-308.6213,420.0025,7.8186,51.57885,185.684,-0.0106383,3.677542,0.0000,-28.3019,6319.23790,-0.02979,-0.000000,-0.015368,0
1082,45.083333,2273.7830,-310.4802,418.9269,7.8147,51.57885,185.684,-0.0106383,3.654693,0.0000,-28.3019,6325.20383,-0.02979,-0.000000,-0.015368,0
1083,45.125000,2275.9308,-312.3632,417.8941,7.8108,51.57885,185.684,-0.0106383,3.631845,0.0000,-28.3019,6331.16976,-0.02979,-0.000000,-0.015368,0
1084,45.166667,2278.0785,-314.2694,416.9046,7.8069,51.57885,185.684,-0.0106383,3.608997,0.0000,-28.3019,6337.13569,-0.02979,-0.000000,-0.015368,0
1085,45.208333,2280.2262,-316.1977,415.9589,7.8030,51.57885,185.684,-0.0106383,3.586149,0.0000,-28.3019,6343.10162,-0.02979,-0.000000,-0.015368,0
1086,45.250000,2282.3740,-318.1470,415.0574,7.7991,51.57885,185.684,-0.0106383,3.563300,0.0000,-28.3019,6349.06755,-0.02979,-0.000000,-0.015368,0
1087,45.291667,2284.5217,-320.1165,414.2008,7.7952,51.57885,185.684,-0.0106383,3.540452,3.0291,-28.3019,6355.03349,-0.02979,-0.002820,-0.015368,0
1088,45.333333,2286.6718,-322.1060,413.3888,7.7913,51.83127,186.593,0.0000000,3.525565,9.4690,0.0000,6361.00599,0.00000,-0.008814,0.000000,0
1089,45.375000,2288.8415,-324.1178,412.5760,7.7873,52.36793,188.525,0.0000000,3.525565,12.7766,0.0000,6367.03301,0.00000,-0.011893,0.000000,0
1090,45.416667,2291.0334,-326.1501,411.7549,7.7834,52.89598,190.426,0.0000000,3.525565,12.5730,0.0000,6373.12165,0.00000,-0.011703,0.000000,0
1091,45.458333,2293.2472,-328.2026,410.9256,7.7793,53.41568,192.296,0.0000000,3.525565,12.3749,0.0000,6379.27100,0.00000,-0.011519,0.000000,0
1092,45.500000,2295.4825,-330.2752,410.0882,7.7753,53.92723,194.138,0.0000000,3.525565,12.1824,0.0000,6385.48012,0.00000,-0.011340,0.000000,0
1093,45.541667,2297.7390,-332.3673,409.2430,7.7711,54.43087,195.951,0.0000000,3.525565,11.9968,0.0000,6391.74808,0.00000,-0.011167,0.000000,0
1094,45.583333,2300.0163,-334.4788,408.3899,7.7659,54.92696,197.737,0.0000000,3.525565,11.8185,0.0000,6398.07399,0.00000,-0.011001,0.000000,0
1095,45.625000,2302.3141,-336.6094,407.5291,7.7595,55.41575,199.497,0.0000000,3.525565,11.6456,0.0000,6404.45696,0.00000,-0.010840,0.000000,0
1096,45.666667,2304.6322,-338.7587,406.6607,7.7518,55.89743,201.231,0.0000000,3.525565,11.4769,0.0000,6410.89612,0.00000,-0.010683,0.000000,0
1097,45.708333,2306.9703,-340.9265,405.7848,7.7428,56.37216,202.940,0.0000000,3.525565,11.3124,0.0000,6417.39075,0.00000,-0.010530,0.000000,0
1098,45.750000,2309.3280,-343.1125,404.9016,7.7325,56.84013,204.624,0.0000000,3.525565,11.1520,0.0000,6423.94001,0.00000,-0.010381,0.000000,0
1099,45.791667,2311.7051,-345.3166,404.0111,7.7208,57.30150,206.285,0.0000000,3.525565,10.9955,0.0000,6430.54306,0.00000,-0.010235,0.000000,0
1100,45.833333,2314.1014,-347.5383,403.1135,7.7077,57.75642,207.923,0.0000000,3.525565,10.8426,0.0000,6437.19926,0.00000,-0.010093,0.000000,0
1101,45.875000,2316.5164,-349.7775,402.2088,7.6932,58.20504,209.538,0.0000000,3.525565,10.6933,0.0000,6443.90779,0.00000,-0.009954,0.000000,0
1102,45.916667,2318.9501,-352.0339,401.2971,7.6772,58.64753,211.131,0.0000000,3.525565,10.5474,0.0000,6450.66791,0.00000,-0.009818,0.000000,0
1103,45.958333,2321.4021,-354.3074,400.3786,7.6598,59.08400,212.702,0.0000000,3.525565,10.4047,0.0000,6457.47898,0.00000,-0.009685,0.000000,0
1104,46.000000,2323.8722,-356.5976,399.4533,7.6409,59.51458,214.253,0.0000000,3.525565,10.2652,0.0000,6464.34031,0.00000,-0.009555,0.000000,0
1105,46.041667,2326.3601,-358.9044,398.5213,7.6204,59.93943,215.782,0.0000000,3.525565,10.1287,0.0000,6471.25118,0.00000,-0.009428,0.000000,0
1106,46.083333,2328.8656,-361.2274,397.5827,7.5983,60.35864,217.291,0.0000000,3.525565,9.9952,0.0000,6478.21094,0.00000,-0.009304,0.000000,0
1107,46.125000,2331.3885,-363.5666,396.6376,7.5747,60.77236,218.780,0.0000000,3.525565,9.8644,0.0000,6485.21894,0.00000,-0.009182,0.000000,0
1108,46.166667,2333.9285,-365.9217,395.6861,7.5494,61.18068,220.250,0.0000000,3.525565,9.7363,0.0000,6492.27455,0.00000,-0.009063,0.000000,0
1109,46.208333,2336.4854,-368.2924,394.7283,7.5225,61.58372,221.701,0.0000000,3.525565,9.6108,0.0000,6499.37723,0.00000,-0.008946,0.000000,0
1110,46.250000,2339.0591,-370.6787,393.7642,7.4939,61.98158,223.134,0.0000000,3.525565,9.4880,0.0000,6506.52627,0.00000,-0.008832,0.000000,0
1111,46.291667,2341.6492,-373.0802,392.7939,7.4636,62.37438,224.548,0.0000000,3.525565,9.3674,0.0000,6513.72107,0.00000,-0.008720,0.000000,0
1112,46.333333,2344.2557,-375.4969,391.8175,7.4315,62.76220,225.944,0.0000000,3.525565,9.2493,0.0000,6520.96115,0.00000,-0.008610,0.000000,0
1113,46.375000,2346.8781,-377.9284,390.8351,7.3978,63.14515,227.323,0.0000000,3.525565,9.1334,0.0000,6528.24583,0.00000,-0.008502,0.000000,0
1114,46.416667,2349.5165,-380.3746,389.8467,7.3622,63.52332,228.684,0.0000000,3.525565,9.0198,0.0000,6535.57463,0.00000,-0.008396,0.000000,0
1115,46.458333,2352.1705,-382.8354,388.8525,7.3248,63.89680,230.028,0.0000000,3.525565,8.9082,0.0000,6542.94690,0.00000,-0.008292,0.000000,0
1116,46.500000,2354.8401,-385.3105,387.8525,7.2856,64.26567,231.356,0.0000000,3.525565,8.7987,0.0000,6550.36226,0.00000,-0.008190,0.000000,0
1117,46.541667,2357.5249,-387.7999,386.8468,7.2445,64.63003,232.668,0.0000000,3.525565,8.6913,0.0000,6557.82005,0.00000,-0.008090,0.000000,0
1118,46.583333,2360.2248,-390.3032,385.8354,7.2016,64.98995,233.964,0.0000000,3.525565,8.5859,0.0000,6565.31978,0.00000,-0.007992,0.000000,0
1119,46.625000,2362.9396,-392.8203,384.8184,7.1567,65.34551,235.244,0.0000000,3.525565,8.4822,0.0000,6572.86094,0.00000,-0.007896,0.000000,0
1120,46.666667,2365.6691,-395.3511,383.7959,7.1099,65.69680,236.508,0.0000000,3.525565,8.3804,0.0000,6580.44306,0.00000,-0.007801,0.000000,0
1121,46.708333,2368.4133,-397.8954,382.7679,7.0612,66.04388,237.758,0.0000000,3.525565,8.2805,0.0000,6588.06564,0.00000,-0.007708,0.000000,0
1122,46.750000,2371.1718,-400.4531,381.7345,7.0105,66.38684,238.993,0.0000000,3.525565,8.1822,0.0000,6595.72817,0.00000,-0.007616,0.000000,0
1123,46.791667,2373.9445,-403.0239,380.6958,6.9577,66.72573,240.213,0.0000000,3.525565,8.0856,0.0000,6603.43020,0.00000,-0.007526,0.000000,0
1124,46.833333,2376.7313,-405.6078,379.6519,6.9030,67.06064,241.418,0.0000000,3.525565,7.9894,0.0000,6611.17127,0.00000,-0.007437,0.000000,0
1125,46.875000,2379.5320,-408.2045,378.6028,6.8470,67.39152,242.609,0.0000000,3.525565,7.8918,0.0000,6618.95090,0.00000,-0.007346,0.000000,0
1126,46.916667,2382.3463,-410.8139,377.5485,6.7907,67.71829,243.786,0.0000000,3.525565,7.7939,0.0000,6626.76860,0.00000,-0.007255,0.000000,0
1127,46.958333,2385.1742,-413.4359,376.4891,6.7341,68.04101,244.948,0.0000000,3.525565,7.6975,0.0000,6634.62389,0.00000,-0.007165,0.000000,0
1128,47.000000,2388.0155,-416.0703,375.4247,6.6773,68.35974,246.095,0.0000000,3.525565,7.6026,0.0000,6642.51639,0.00000,-0.007077,0.000000,0
1129,47.041667,2390.8700,-418.7170,374.3554,6.6202,68.67456,247.228,0.0000000,3.525565,7.5092,0.0000,6650.44555,0.00000,-0.006990,0.000000,0
1130,47.083333,2393.7376,-421.3757,373.2812,6.5628,68.98551,248.348,0.0000000,3.525565,7.4173,0.0000,6658.41096,0.00000,-0.006904,0.000000,0
1131,47.125000,2396.6180,-424.0464,372.2022,6.5052,69.29267,249.454,0.0000000,3.525565,7.3268,0.0000,6666.41216,0.00000,-0.006820,0.000000,0
1132,47.166667,2399.5112,-426.7289,371.1184,6.4474,69.59608,250.546,0.0000000,3.525565,7.2377,0.0000,6674.44873,0.00000,-0.006737,0.000000,0
1133,47.208333,2402.4169,-429.4230,370.0299,6.3893,69.89581,251.625,0.0000000,3.525565,7.1499,0.0000,6682.52021,0.00000,-0.006655,0.000000,0
1134,47.250000,2405.3351,-432.1287,368.9367,6.3309,70.19190,252.691,0.0000000,3.525565,7.0634,0.0000,6690.62624,0.00000,-0.006575,0.000000,0
1135,47.291667,2408.2655,-434.8458,367.8390,6.2723,70.48442,253.744,0.0000000,3.525565,6.9782,0.0000,6698.76633,0.00000,-0.006496,0.000000,0
1136,47.333333,2411.2081,-437.5741,366.7367,6.2134,70.77342,254.784,0.0000000,3.525565,6.8943,0.0000,6706.94008,0.00000,-0.006417,0.000000,0
1137,47.375000,2414.1626,-440.3135,365.6299,6.1543,71.05895,255.812,0.0000000,3.525565,6.8115,0.0000,6715.14712,0.00000,-0.006340,0.000000,0
1138,47.416667,2417.1290,-443.0638,364.5187,6.0950,71.34105,256.828,0.0000000,3.525565,6.7300,0.0000,6723.38704,0.00000,-0.006265,0.000000,0
1139,47.458333,2420.1070,-445.8250,363.4031,6.0355,71.61978,257.831,0.0000000,3.525565,6.6497,0.0000,6731.65944,0.00000,-0.006190,0.000000,0
1140,47.500000,2423.0967,-448.5970,362.2831,5.9757,71.89519,258.823,0.0000000,3.525565,6.5705,0.0000,6739.96393,0.00000,-0.006116,0.000000,0
1141,47.541667,2426.0977,-451.3795,361.1589,5.9156,72.16733,259.802,0.0000000,3.525565,6.4919,0.0000,6748.30012,0.00000,-0.006043,0.000000,0
1142,47.583333,2429.1100,-454.1724,360.0305,5.8558,72.43618,260.770,0.0000000,3.525565,6.4119,0.0000,6756.66765,0.00000,-0.005969,0.000000,0
1143,47.625000,2432.1334,-456.9757,358.8979,5.7973,72.70165,261.726,0.0000000,3.525565,6.3313,0.0000,6765.06611,0.00000,-0.005893,0.000000,0
1144,47.666667,2435.1679,-459.7892,357.7612,5.7400,72.96378,262.670,0.0000000,3.525565,6.2515,0.0000,6773.49512,0.00000,-0.005819,0.000000,0
1145,47.708333,2438.2132,-462.6128,356.6204,5.6842,73.22262,263.601,0.0000000,3.525565,6.1729,0.0000,6781.95432,0.00000,-0.005746,0.000000,0
1146,47.750000,2441.2692,-465.4463,355.4756,5.6297,73.47819,264.521,0.0000000,3.525565,6.0953,0.0000,6790.44332,0.00000,-0.005674,0.000000,0
1147,47.791667,2444.3359,-468.2896,354.3268,5.5766,73.73056,265.430,0.0000000,3.525565,6.0188,0.0000,6798.96172,0.00000,-0.005603,0.000000,0
1148,47.833333,2447.4129,-471.1426,353.1741,5.5249,73.97976,266.327,0.0000000,3.525565,5.9432,0.0000,6807.50915,0.00000,-0.005532,0.000000,0
1149,47.875000,2450.5003,-474.0052,352.0175,5.4746,74.22583,267.213,0.0000000,3.525565,5.8687,0.0000,6816.08529,0.00000,-0.005463,0.000000,0
1150,47.916667,2453.5980,-476.8773,350.8571,5.4258,74.46881,268.088,0.0000000,3.525565,5.7952,0.0000,6824.68974,0.00000,-0.005394,0.000000,0
1151,47.958333,2456.7056,-479.7586,349.6930,5.3785,74.70876,268.952,0.0000000,3.525565,5.7225,0.0000,6833.32214,0.00000,-0.005327,0.000000,0
1152,48.000000,2459.8232,-482.6492,348.5251,5.3327,74.94569,269.804,0.0000000,3.525565,5.6509,0.0000,6841.98219,0.00000,-0.005260,0.000000,0
1153,48.041667,2462.9507,-485.5489,347.3536,5.2883,75.17966,270.647,0.0000000,3.525565,5.5801,0.0000,6850.66947,0.00000,-0.005194,0.000000,0
1154,48.083333,2466.0878,-488.4576,346.1784,5.2455,75.41070,271.479,0.0000000,3.525565,5.5103,0.0000,6859.38372,0.00000,-0.005129,0.000000,0
1155,48.125000,2469.2345,-491.3752,344.9996,5.2042,75.63885,272.300,0.0000000,3.525565,5.4414,0.0000,6868.12453,0.00000,-0.005065,0.000000,0
1156,48.166667,2472.3906,-494.3015,343.8173,5.1645,75.86415,273.111,0.0000000,3.525565,5.3733,0.0000,6876.89161,0.00000,-0.005002,0.000000,0
1157,48.208333,2475.5561,-497.2365,342.6315,5.1263,76.08663,273.912,0.0000000,3.525565,5.3061,0.0000,6885.68463,0.00000,-0.004939,0.000000,0
1158,48.250000,2478.7308,-500.1800,341.4422,5.0897,76.30633,274.703,0.0000000,3.525565,5.2398,0.0000,6894.50324,0.00000,-0.004877,0.000000,0
1159,48.291667,2481.9146,-503.1320,340.2495,5.0547,76.52328,275.484,0.0000000,3.525565,5.1742,0.0000,6903.34714,0.00000,-0.004816,0.000000,0
1160,48.333333,2485.1074,-506.0923,339.0535,5.0214,76.73751,276.255,0.0000000,3.525565,5.1095,0.0000,6912.21602,0.00000,-0.004756,0.000000,0
1161,48.375000,2488.3091,-509.0609,337.8541,4.9896,76.94907,277.017,0.0000000,3.525565,5.0457,0.0000,6921.10955,0.00000,-0.004697,0.000000,0
1162,48.416667,2491.5195,-512.0375,336.6515,4.9596,77.15799,277.769,0.0000000,3.525565,4.9826,0.0000,6930.02742,0.00000,-0.004638,0.000000,0
1163,48.458333,2494.7386,-515.0222,335.4456,4.9311,77.36429,278.511,0.0000000,3.525565,4.9202,0.0000,6938.96934,0.00000,-0.004580,0.000000,0
1164,48.500000,2497.9662,-518.0148,334.2365,4.9044,77.56801,279.245,0.0000000,3.525565,4.8587,0.0000,6947.93500,0.00000,-0.004523,0.000000,0
1165,48.541667,2501.2023,-521.0153,333.0242,4.8794,77.76918,279.969,0.0000000,3.525565,4.7979,0.0000,6956.92410,0.00000,-0.004466,0.000000,0
1166,48.583333,2504.4467,-524.0234,331.8089,4.8560,77.96783,280.684,0.0000000,3.525565,-4.6271,0.0000,6965.93637,0.00000,0.004307,0.000000,0
1167,48.625000,2507.6920,-527.0324,330.5932,4.8345,77.38359,278.581,0.0000000,3.525565,-22.1764,0.0000,6974.95100,0.00000,0.020643,0.000000,0
1168,48.666667,2510.8921,-529.9995,329.3944,4.8150,76.11980,274.031,0.0000000,3.525565,-30.0405,0.0000,6983.84028,0.00000,0.027925,0.000000,0
1169,48.708333,2514.0401,-532.9183,328.2151,4.7974,74.88021,269.569,0.0000000,3.525565,-29.4699,0.0000,6992.58468,0.00000,0.027432,0.000000,0
1170,48.750000,2517.1370,-535.7896,327.0550,4.7818,73.66397,265.190,0.0000000,3.525565,-28.9193,0.0000,7001.18703,0.00000,0.026919,0.000000,0
1171,48.791667,2520.1836,-538.6144,325.9137,4.7681,72.47027,260.893,0.0000000,3.525565,-28.3875,0.0000,7009.64992,0.00000,0.026424,0.000000,0
1172,48.833333,2523.1809,-541.3935,324.7909,4.7560,71.29835,256.674,0.0000000,3.525565,-21.1151,0.0000,7017.97584,0.00000,0.019655,0.000000,0
1173,48.875000,2526.1345,-544.1297,323.6696,4.7457,70.71068,254.558,0.0080000,3.537152,-7.0520,40.0000,7026.18006,0.02240,0.006564,0.021720,0
1174,48.916667,2529.0805,-546.8346,322.5025,4.7364,70.71068,254.558,0.0080000,3.560721,0.0000,40.0000,7034.36358,0.02240,-0.000000,0.021720,0
1175,48.958333,2532.0266,-549.5113,321.2719,4.7272,70.71068,254.558,0.0080000,3.584289,-0.0000,40.0000,7042.54710,0.02240,0.000000,0.021720,0
1176,49.000000,2534.9727,-552.1583,319.9787,4.7179,70.71068,254.558,0.0080000,3.607858,0.0000,40.0000,7050.73062,0.02240,-0.000000,0.021720,0
1177,49.041667,2537.9187,-554.7740,318.6234,4.7087,70.71068,254.558,0.0080000,3.631426,0.0000,40.0000,7058.91413,0.02240,-0.000000,0.021720,0
1178,49.083333,2540.8648,-557.3571,317.2068,4.6995,70.71068,254.558,0.0080000,3.654995,-0.0000,40.0000,7067.09765,0.02240,0.000000,0.021720,0
1179,49.125000,2543.8109,-559.9061,315.7298,4.6902,70.71068,254.558,0.0080000,3.678563,0.0000,40.0000,7075.28117,0.02240,-0.000000,0.021720,0
1180,49.166667,2546.7569,-562.4195,314.1931,4.6810,70.71068,254.558,0.0080000,3.702132,0.0000,40.0000,7083.46469,0.02240,-0.000000,0.021720,0
1181,49.208333,2549.7030,-564.8961,312.5976,4.6717,70.71068,254.558,0.0080000,3.725700,-0.0000,40.0000,7091.64821,0.02240,0.000000,0.021720,0
1182,49.250000,2552.6491,-567.3343,310.9441,4.6625,70.71068,254.558,0.0080000,3.749269,0.0000,40.0000,7099.83172,0.02240,-0.000000,0.021720,0
1183,49.291667,2555.5951,-569.7329,309.2337,4.6533,70.71068,254.558,0.0080000,3.772837,0.0000,40.0000,7108.01524,0.02240,-0.000000,0.021720,0
1184,49.333333,2558.5412,-572.0905,307.4672,4.6440,70.71068,254.558,0.0080000,3.796406,-0.0000,40.0000,7116.19876,0.02240,0.000000,0.021720,0
1185,49.375000,2561.4873,-574.4059,305.6456,4.6348,70.71068,254.558,0.0080000,3.819974,0.0000,40.0000,7124.38228,0.02240,-0.000000,0.021720,0
1186,49.416667,2564.4333,-576.6777,303.7701,4.6256,70.71068,254.558,0.0080000,3.843543,0.0000,40.0000,7132.56580,0.02240,-0.000000,0.021720,0
1187,49.458333,2567.3794,-578.9046,301.8414,4.6163,70.71068,254.558,0.0080000,3.867111,-0.0000,40.0000,7140.74931,0.02240,0.000000,0.021720,0
1188,49.500000,2570.3255,-581.0855,299.8608,4.6071,70.71068,254.558,0.0080000,3.890680,0.0000,40.0000,7148.93283,0.02240,-0.000000,0.021720,0
1189,49.541667,2573.2715,-583.2191,297.8294,4.5979,70.71068,254.558,0.0080000,3.914249,0.0000,40.0000,7157.11635,0.02240,-0.000000,0.021720,0
1190,49.583333,2576.2176,-585.3042,295.7483,4.5886,70.71068,254.558,0.0080000,3.937817,-0.0000,40.0000,7165.29987,0.02240,0.000000,0.021720,0
1191,49.625000,2579.1637,-587.3397,293.6186,4.5794,70.71068,254.558,0.0080000,3.961386,0.0000,40.0000,7173.48339,0.02240,-0.000000,0.021720,0
1192,49.666667,2582.1097,-589.3245,291.4415,4.5702,70.71068,254.558,0.0080000,3.984954,0.0000,40.0000,7181.66690,0.02240,-0.000000,0.021720,0
1193,49.708333,2585.0558,-591.2573,289.2182,4.5609,70.71068,254.558,0.0080000,4.008523,-0.0000,40.0000,7189.85042,0.02240,0.000000,0.021720,0
1194,49.750000,2588.0019,-593.1373,286.9501,4.5517,70.71068,254.558,0.0080000,4.032091,0.0000,40.0000,7198.03394,0.02240,-0.000000,0.021720,0
1195,49.791667,2590.9479,-594.9633,284.6382,4.5425,70.71068,254.558,0.0080000,4.055660,0.0000,40.0000,7206.21746,0.02240,-0.000000,0.021720,0
1196,49.833333,2593.8940,-596.7343,282.2840,4.5332,70.71068,254.558,0.0080000,4.079228,-0.0000,40.0000,7214.40098,0.02240,0.000000,0.021720,0
1197,49.875000,2596.8401,-598.4493,279.8886,4.5240,70.71068,254.558,0.0080000,4.102797,0.0000,40.0000,7222.58449,0.02240,-0.000000,0.021720,0
1198,49.916667,2599.7861,-600.1074,277.4536,4.5148,70.71068,254.558,0.0080000,4.126365,0.0000,40.0000,7230.76801,0.02240,-0.000000,0.021720,0
1199,49.958333,2602.7322,-601.7077,274.9801,4.5055,70.71068,254.558,0.0080000,4.149934,-0.0000,40.0000,7238.95153,0.02240,0.000000,0.021720,0
1200,50.000000,2605.6783,-603.2492,272.4696,4.4963,70.71068,254.558,0.0080000,4.173502,0.0000,40.0000,7247.13505,0.02240,-0.000000,0.021720,0
1201,50.041667,2608.6243,-604.7311,269.9235,4.4871,70.71068,254.558,0.0080000,4.197071,0.0000,40.0000,7255.31857,0.02240,-0.000000,0.021720,0
1202,50.083333,2611.5704,-606.1526,267.3431,4.4778,70.71068,254.558,0.0080000,4.220639,-0.0000,40.0000,7263.50208,0.02240,0.000000,0.021720,0
1203,50.125000,2614.5165,-607.5130,264.7300,4.4686,70.71068,254.558,0.0080000,4.244208,0.0000,40.0000,7271.68560,0.02240,-0.000000,0.021720,0
1204,50.166667,2617.4625,-608.8113,262.0855,4.4594,70.71068,254.558,0.0080000,4.267777,0.0000,40.0000,7279.86912,0.02240,-0.000000,0.021720,0
1205,50.208333,2620.4086,-610.0470,259.4112,4.4501,70.71068,254.558,0.0080000,4.291345,3.3297,40.0000,7288.05264,0.02240,-0.003099,0.021720,0
1206,50.250000,2623.3650,-611.2341,256.7128,4.4409,70.98816,255.557,0.0025000,4.300224,6.6429,12.5983,7296.26476,0.00700,-0.006183,0.006841,0
1207,50.291667,2626.3334,-612.4132,253.9885,4.4316,71.26425,256.551,0.0025000,4.307646,6.5867,12.6965,7304.51048,0.00700,-0.006131,0.006894,0
1208,50.333333,2629.3133,-613.5764,251.2450,4.4222,71.53705,257.533,0.0025000,4.315095,6.5080,12.7939,7312.78805,0.00700,-0.006058,0.006947,0
1209,50.375000,2632.3046,-614.7235,248.4825,4.4128,71.80659,258.504,0.0025000,4.322573,6.4305,12.8905,7321.09707,0.00700,-0.005986,0.006999,0
1210,50.416667,2635.3070,-615.8540,245.7010,4.4034,72.07292,259.463,0.0025000,4.330080,6.3540,12.9863,7329.43718,0.00700,-0.005915,0.007051,0
1211,50.458333,2638.3205,-616.9677,242.9009,4.3940,72.33609,260.410,0.0025000,4.337613,6.2787,13.0813,7337.80801,0.00700,-0.005844,0.007103,0
1212,50.500000,2641.3450,-618.0642,240.0822,4.3845,72.59615,261.346,0.0025000,4.345174,6.2043,13.1755,7346.20920,0.00700,-0.005775,0.007154,0
1213,50.541667,2644.3802,-619.1431,237.2452,4.3750,72.85312,262.271,0.0025000,4.352762,6.1311,13.2689,7354.64037,0.00700,-0.005707,0.007205,0
1214,50.583333,2647.4261,-620.2042,234.3901,4.3655,73.10707,263.185,0.0025000,4.360377,6.0588,13.3616,7363.10118,0.00700,-0.005640,0.007255,0
1215,50.625000,2650.4825,-621.2470,231.5171,4.3559,73.35802,264.089,0.0025000,4.368018,5.9875,13.4535,7371.59127,0.00700,-0.005573,0.007305,0
1216,50.666667,2653.5494,-622.2713,228.6264,4.3463,73.60603,264.982,0.0025000,4.375685,5.9172,13.5446,7380.11034,0.00700,-0.005508,0.007355,0
1217,50.708333,2656.6265,-623.2768,225.7181,4.3366,73.85112,265.864,0.0025000,4.383378,5.8479,13.6350,7388.65800,0.00700,-0.005443,0.007404,0
1218,50.750000,2659.7139,-624.2630,222.7926,4.3269,74.09335,266.736,0.0025000,4.391097,5.7795,13.7246,7397.23391,0.00700,-0.005380,0.007452,0
1219,50.791667,2662.8112,-625.2298,219.8499,4.3172,74.33274,267.598,0.0025000,4.398840,5.7119,13.8134,7405.83778,0.00700,-0.005317,0.007501,0
1220,50.833333,2665.9186,-626.1767,216.8904,4.3075,74.56934,268.450,0.0025000,4.406608,5.6454,13.9015,7414.46925,0.00700,-0.005255,0.007548,0
1221,50.875000,2669.0357,-627.1035,213.9142,4.2977,74.80319,269.291,0.0025000,4.414401,5.5797,13.9888,7423.12800,0.00700,-0.005194,0.007596,0
1222,50.916667,2672.1626,-628.0098,210.9216,4.2879,75.03432,270.124,0.0025000,4.422218,5.5148,14.0754,7431.81375,0.00700,-0.005133,0.007643,0
1223,50.958333,2675.2991,-628.8954,207.9128,4.2781,75.26276,270.946,0.0025000,4.430060,5.4509,14.1612,7440.52613,0.00700,-0.005074,0.007689,0
1224,51.000000,2678.4395,-629.7547,204.8908,4.2682,75.48855,271.759,0.0066667,4.445868,5.3877,37.9901,7449.24968,0.01867,-0.005015,0.020628,0
1225,51.041667,2681.5858,-630.5515,201.8472,4.2584,75.71174,272.562,0.0066667,4.466844,5.3254,38.2151,7457.98942,0.01867,-0.004957,0.020750,0
1226,51.083333,2684.7414,-631.2863,198.7784,4.2485,75.93234,273.356,0.0066667,4.487881,5.2639,38.4381,7466.75481,0.01867,-0.004900,0.020872,0
1227,51.125000,2687.9061,-631.9582,195.6860,4.2386,76.15040,274.141,0.0066667,4.508979,5.2032,38.6592,7475.54560,0.01867,-0.004843,0.020992,0
1228,51.166667,2691.0798,-632.5664,192.5711,4.2286,76.36594,274.917,0.0066667,4.530137,5.1433,38.8784,7484.36146,0.01867,-0.004788,0.021111,0
1229,51.208333,2694.2624,-633.1100,189.4353,4.2187,76.57901,275.684,0.0066667,4.551354,5.0842,39.0956,7493.20209,0.01867,-0.004733,0.021229,0
1230,51.250000,2697.4539,-633.5882,186.2800,4.2086,76.78962,276.443,0.0066667,4.572631,5.0257,39.3110,7502.06726,0.01867,-0.004678,0.021346,0
1231,51.291667,2700.6540,-634.0001,183.1065,4.1986,76.99782,277.192,0.0066667,4.593965,4.9681,39.5244,7510.95664,0.01867,-0.004625,0.021461,0
1232,51.333333,2703.8628,-634.3451,179.9163,4.1886,77.20363,277.933,0.0066667,4.615357,4.9112,39.7360,7519.86997,0.01867,-0.004572,0.021576,0
1233,51.375000,2707.0801,-634.6224,176.7111,4.1785,77.40709,278.666,0.0066667,4.636806,4.8550,39.9457,7528.80696,0.01867,-0.004519,0.021690,0
1234,51.416667,2710.3059,-634.8314,173.4922,4.1684,77.60821,279.390,0.0066667,4.658311,4.7995,40.1536,7537.76736,0.01867,-0.004468,0.021803,0
1235,51.458333,2713.5400,-634.9714,170.2612,4.1582,77.80705,280.105,0.0066667,4.679871,4.7447,40.3596,7546.75089,0.01867,-0.004417,0.021915,0
1236,51.500000,2716.7823,-635.0418,167.0197,4.1481,78.00361,280.813,0.0066667,4.701487,4.6906,40.5638,7555.75729,0.01867,-0.004366,0.022026,0
1237,51.541667,2720.0327,-635.0420,163.7693,4.1379,78.19793,281.513,0.0066667,4.723156,4.6372,40.7661,7564.78630,0.01867,-0.004316,0.022136,0
1238,51.583333,2723.2912,-634.9715,160.5117,4.1277,78.39004,282.204,0.0066667,4.744880,4.5844,40.9667,7573.83766,0.01867,-0.004267,0.022245,0
1239,51.625000,2726.5576,-634.8299,157.2483,4.1174,78.57996,282.888,0.0066667,4.766656,4.5323,41.1654,7582.91112,0.01867,-0.004219,0.022352,0
1240,51.666667,2729.8320,-634.6166,153.9811,4.1072,78.76773,283.564,0.0066667,4.788485,4.4808,41.3624,7592.00642,0.01867,-0.004171,0.022459,0
1241,51.708333,2733.1140,-634.3313,150.7115,4.0969,78.95337,284.232,0.0066667,4.810365,4.4300,41.5576,7601.12332,0.01867,-0.004124,0.022565,0
1242,51.750000,2736.4038,-633.9737,147.4413,4.0866,79.13690,284.893,0.0066667,4.832297,4.3798,41.7510,7610.26157,0.01867,-0.004077,0.022670,0
1243,51.791667,2739.7012,-633.5433,144.1722,4.0762,79.31835,285.546,0.0066667,4.854279,4.3302,41.9427,7619.42092,0.01867,-0.004031,0.022775,0
1244,51.833333,2743.0061,-633.0399,140.9059,4.0659,79.49775,286.192,0.0066667,4.876312,4.2812,42.1326,7628.60116,0.01867,-0.003985,0.022878,0
1245,51.875000,2746.3184,-632.4633,137.6442,4.0555,79.67512,286.830,0.0066667,4.898394,4.2328,42.3208,7637.80204,0.01867,-0.003940,0.022980,0
1246,51.916667,2749.6380,-631.8134,134.3889,4.0451,79.85048,287.462,0.0066667,4.920525,4.1850,42.5073,7647.02330,0.01867,-0.003896,0.023081,0
1247,51.958333,2752.9649,-631.0899,131.1417,4.0347,80.02387,288.086,0.0066667,4.942705,4.1378,42.6921,7656.26473,0.01867,-0.003852,0.023181,0
1248,52.000000,2756.2990,-630.2927,127.9043,4.0242,80.19530,288.703,0.0066667,4.964932,4.0911,42.8752,7665.52613,0.01867,-0.003808,0.023281,0
1249,52.041667,2759.6402,-629.4219,124.6787,4.0137,80.36479,289.313,0.0066667,4.987207,4.0450,43.0567,7674.80722,0.01867,-0.003765,0.023379,0
1250,52.083333,2762.9885,-628.4774,121.4665,4.0032,80.53238,289.917,0.0066667,5.009528,3.9995,43.2364,7684.10782,0.01867,-0.003723,0.023477,0
1251,52.125000,2766.3436,-627.4593,118.2697,3.9927,80.69808,290.513,0.0066667,5.031896,3.9545,43.4145,7693.42770,0.01867,-0.003681,0.023574,0
1252,52.166667,2769.7056,-626.3676,115.0899,3.9822,80.86192,291.103,0.0066667,5.054309,3.9100,43.5910,7702.76662,0.01867,-0.003640,0.023670,0
1253,52.208333,2773.0744,-625.2025,111.9291,3.9716,81.02392,291.686,0.0066667,5.076768,3.8661,43.7658,7712.12441,0.01867,-0.003599,0.023764,0
1254,52.250000,2776.4499,-623.9642,108.7890,3.9610,81.18410,292.263,0.0066667,5.099271,3.8227,43.9391,7721.50081,0.01867,-0.003558,0.023859,0
1255,52.291667,2779.8321,-622.6529,105.6715,3.9505,81.34248,292.833,0.0066667,5.121819,3.7798,44.1107,7730.89566,0.01867,-0.003518,0.023952,0
1256,52.333333,2783.2208,-621.2689,102.5783,3.9399,81.49908,293.397,0.0066667,5.144410,3.7373,44.2807,7740.30871,0.01867,-0.003479,0.024044,0
1257,52.375000,2786.6185,-619.8192,99.5009,3.9293,81.65392,293.954,0.0000000,5.155703,3.6954,0.0000,7749.74675,0.00000,-0.003440,0.000000,0
1258,52.416667,2790.0249,-618.3581,96.4238,3.9187,81.80703,294.505,0.0000000,5.155703,3.6540,0.0000,7759.20902,0.00000,-0.003401,0.000000,0
1259,52.458333,2793.4377,-616.8942,93.3409,3.9081,81.95842,295.050,0.0000000,5.155703,3.6130,0.0000,7768.68891,0.00000,-0.003363,0.000000,0
1260,52.500000,2796.8567,-615.4277,90.2524,3.8975,82.10811,295.589,0.0000000,5.155703,3.5725,0.0000,7778.18626,0.00000,-0.003325,0.000000,0
1261,52.541667,2800.2819,-613.9584,87.1582,3.8869,82.25613,296.122,0.0000000,5.155703,3.5325,0.0000,7787.70084,0.00000,-0.003288,0.000000,0
1262,52.583333,2803.7133,-612.4866,84.0585,3.8763,82.40249,296.649,0.0000000,5.155703,3.4930,0.0000,7797.23247,0.00000,-0.003251,0.000000,0
1263,52.625000,2807.1508,-611.0122,80.9534,3.8657,82.54721,297.170,0.0000000,5.155703,3.4539,0.0000,7806.78096,0.00000,-0.003215,0.000000,0
1264,52.666667,2810.5942,-609.5351,77.8428,3.8551,82.69032,297.685,0.0000000,5.155703,3.4153,0.0000,7816.34613,0.00000,-0.003179,0.000000,0
1265,52.708333,2814.0436,-608.0556,74.7268,3.8445,82.83183,298.195,0.0000000,5.155703,3.3772,0.0000,7825.92778,0.00000,-0.003144,0.000000,0
1266,52.750000,2817.4989,-606.5735,71.6055,3.8340,82.97175,298.698,0.0000000,5.155703,3.3395,0.0000,7835.52572,0.00000,-0.003109,0.000000,0
1267,52.791667,2820.9600,-605.0889,68.4790,3.8234,83.11012,299.196,0.0000000,5.155703,3.3022,0.0000,7845.13978,0.00000,-0.003074,0.000000,0
1268,52.833333,2824.4268,-603.6019,65.3474,3.8128,83.24694,299.689,0.0000000,5.155703,3.2654,0.0000,7854.76978,0.00000,-0.003040,0.000000,0
1269,52.875000,2827.8992,-602.1124,62.2105,3.8023,83.38223,300.176,0.0000000,5.155703,3.2289,0.0000,7864.41554,0.00000,-0.003006,0.000000,0
1270,52.916667,2831.3773,-600.6205,59.0687,3.7917,83.51601,300.658,0.0000000,5.155703,3.1930,0.0000,7874.07689,0.00000,-0.002972,0.000000,0
1271,52.958333,2834.8610,-599.1263,55.9218,3.7812,83.64831,301.134,0.0000000,5.155703,3.1574,0.0000,7883.75365,0.00000,-0.002939,0.000000,0
1272,53.000000,2838.3501,-597.6297,52.7699,3.7707,83.77913,301.605,0.0000000,5.155703,3.1222,0.0000,7893.44564,0.00000,-0.002906,0.000000,0
1273,53.041667,2841.8446,-596.1308,49.6132,3.7601,83.90849,302.071,0.0000000,5.155703,3.0875,0.0000,7903.15271,0.00000,-0.002874,0.000000,0
1274,53.083333,2845.3445,-594.6295,46.4516,3.7496,84.03642,302.531,0.0000000,5.155703,3.0531,0.0000,7912.87467,0.00000,-0.002842,0.000000,0
1275,53.125000,2848.8497,-593.1260,43.2852,3.7391,84.16292,302.987,0.0000000,5.155703,3.0192,0.0000,7922.61137,0.00000,-0.002810,0.000000,0
1276,53.166667,2852.3602,-591.6203,40.1141,3.7285,84.28802,303.437,0.0000000,5.155703,2.9888,0.0000,7932.36265,0.00000,-0.002782,0.000000,0
1277,53.208333,2855.8758,-590.1123,36.9383,3.7156,84.41199,303.883,0.0000000,5.155703,2.9637,0.0000,7942.12834,0.00000,-0.002759,0.000000,0
1278,53.250000,2859.3966,-588.6021,33.7578,3.6991,84.53500,304.326,0.0000000,5.155703,2.9410,0.0000,7951.90833,0.00000,-0.002738,0.000000,0
1279,53.291667,2862.9225,-587.0897,30.5728,3.6788,84.65707,304.765,0.0000000,5.155703,2.9186,0.0000,7961.70252,0.00000,-0.002717,0.000000,0
1280,53.333333,2866.4535,-585.5751,27.3831,3.6548,84.77822,305.202,0.0000000,5.155703,2.8965,0.0000,7971.51079,0.00000,-0.002696,0.000000,0
1281,53.375000,2869.9895,-584.0584,24.1889,3.6271,84.89845,305.634,0.0000000,5.155703,2.8747,0.0000,7981.33304,0.00000,-0.002676,0.000000,0
1282,53.416667,2873.5305,-582.5396,20.9902,3.5956,85.01777,306.064,0.0000000,5.155703,2.8531,0.0000,7991.16917,0.00000,-0.002656,0.000000,0
1283,53.458333,2877.0765,-581.0186,17.7870,3.5603,85.13620,306.490,0.0000000,5.155703,2.8317,0.0000,8001.01906,0.00000,-0.002636,0.000000,0
1284,53.500000,2880.6274,-579.4955,14.5794,3.5213,85.25375,306.914,0.0000000,5.155703,2.8107,0.0000,8010.88261,0.00000,-0.002616,0.000000,0
1285,53.541667,2884.1831,-577.9703,11.3673,3.4784,85.37043,307.334,0.0000000,5.155703,2.7899,0.0000,8020.75973,0.00000,-0.002597,0.000000,0
1286,53.583333,2887.7438,-576.4430,8.1509,3.4318,85.48624,307.750,0.0000000,5.155703,2.7693,0.0000,8030.65031,0.00000,-0.002578,0.000000,0
1287,53.625000,2891.3092,-574.9137,4.9301,3.3813,85.60120,308.164,0.0000000,5.155703,2.7490,0.0000,8040.55426,0.00000,-0.002559,0.000000,0
1288,53.666667,2894.8794,-573.3823,1.7050,3.3270,85.71532,308.575,0.0000000,5.155703,2.7290,0.0000,8050.47147,0.00000,-0.002540,0.000000,0
1289,53.708333,2898.4543,-571.8489,-1.5243,3.2688,85.82862,308.983,0.0000000,5.155703,2.7091,0.0000,8060.40185,0.00000,-0.002522,0.000000,0
1290,53.750000,2902.0340,-570.3134,-4.7580,3.2067,85.94109,309.388,0.0000000,5.155703,2.6896,0.0000,8070.34531,0.00000,-0.002504,0.000000,0
1291,53.791667,2905.6183,-568.7760,-7.9958,3.1408,86.05275,309.790,0.0000000,5.155703,2.6702,0.0000,8080.30174,0.00000,-0.002486,0.000000,0
1292,53.833333,2909.2072,-567.2366,-11.2378,3.0709,86.16361,310.189,0.0000000,5.155703,2.6511,0.0000,8090.27105,0.00000,-0.002468,0.000000,0
1293,53.875000,2912.8008,-565.6952,-14.4840,2.9972,86.27368,310.585,0.0000000,5.155703,2.6323,0.0000,8100.25317,0.00000,-0.002450,0.000000,0
1294,53.916667,2916.3989,-564.1518,-17.7343,2.9195,86.38296,310.979,0.0000000,5.155703,2.6136,0.0000,8110.24799,0.00000,-0.002433,0.000000,0
1295,53.958333,2920.0016,-562.6065,-20.9888,2.8378,86.49148,311.369,0.0000000,5.155703,2.5952,0.0000,8120.25541,0.00000,-0.002416,0.000000,0
1296,54.000000,2923.6088,-561.0592,-24.2473,2.7522,86.59923,311.757,0.0000000,5.155703,2.5771,0.0000,8130.27537,0.00000,-0.002399,0.000000,0
1297,54.041667,2927.2204,-559.5101,-27.5098,2.6627,86.70623,312.142,0.0000000,5.155703,2.5591,0.0000,8140.30774,0.00000,-0.002382,0.000000,0
1298,54.083333,2930.8365,-557.9590,-30.7763,2.5691,86.81249,312.525,0.0000000,5.155703,2.5413,0.0000,8150.35249,0.00000,-0.002366,0.000000,0
1299,54.125000,2934.4571,-556.4060,-34.0469,2.4716,86.91801,312.905,0.0000000,5.155703,2.5238,0.0000,8160.40948,0.00000,-0.002349,0.000000,0
1300,54.166667,2938.0820,-554.8512,-37.3214,2.3700,87.02281,313.282,0.0000000,5.155703,2.5065,0.0000,8170.47866,0.00000,-0.002333,0.000000,0
1301,54.208333,2941.7112,-553.2945,-40.5998,2.2645,87.12689,313.657,0.0000000,5.155703,-9.2096,0.0000,8180.55993,0.00000,0.008573,0.000000,0
1302,54.250000,2945.3335,-551.7408,-43.8719,2.1552,86.25534,310.519,0.0000000,5.155703,-27.6943,0.0000,8190.62169,0.00000,0.025779,0.000000,0
1303,54.291667,2948.9008,-550.2106,-47.0944,2.0438,84.81903,305.349,0.0000000,5.155703,-34.0955,0.0000,8200.53088,0.00000,0.027925,0.000000,0
1304,54.333333,2952.4088,-548.7059,-50.2634,1.9306,83.41405,300.291,0.0000000,5.155703,-33.3578,0.0000,8210.27554,0.00000,0.027925,0.000000,0
1305,54.375000,2955.8590,-547.2260,-53.3800,1.8156,82.03922,295.341,0.0000000,5.155703,-32.6478,0.0000,8219.85924,0.00000,0.027925,0.000000,0
1306,54.416667,2959.2524,-545.7704,-56.4454,1.6991,80.69340,290.496,0.0000000,5.155703,-31.9638,0.0000,8229.28551,0.00000,0.027925,0.000000,0
1307,54.458333,2962.5903,-544.3387,-59.4607,1.5812,79.37556,285.752,0.0000000,5.155703,-31.3048,0.0000,8238.55743,0.00000,0.027925,0.000000,0
1308,54.500000,2965.8739,-542.9303,-62.4268,1.4620,78.08466,281.105,0.0000000,5.155703,-30.6698,0.0000,8247.67838,0.00000,0.027925,0.000000,0
1309,54.541667,2969.1041,-541.5447,-65.3448,1.3416,76.81974,276.551,0.0000000,5.155703,-30.0575,0.0000,8256.65135,0.00000,0.027925,0.000000,0
1310,54.583333,2972.2822,-540.1815,-68.2157,1.2202,75.57987,272.088,0.0000000,5.155703,-29.4668,0.0000,8265.47935,0.00000,0.027429,0.000000,0
1311,54.625000,2975.4091,-538.8403,-71.0403,1.0977,74.36418,267.711,0.0000000,5.155703,-28.8968,0.0000,8274.16512,0.00000,0.026898,0.000000,0
1312,54.666667,2978.4858,-537.5205,-73.8196,0.9745,73.17180,263.418,0.0000000,5.155703,-28.3465,0.0000,8282.71159,0.00000,0.026386,0.000000,0
1313,54.708333,2981.5133,-536.2220,-76.5544,0.8504,72.00197,259.207,0.0000000,5.155703,-27.8150,0.0000,8291.12117,0.00000,0.025891,0.000000,0
1314,54.750000,2984.4924,-534.9441,-79.2456,0.7257,70.85389,255.074,0.0000000,5.155703,-27.3016,0.0000,8299.39663,0.00000,0.025413,0.000000,0
1315,54.791667,2987.4241,-533.6866,-81.8939,0.6003,69.72684,251.017,0.0000000,5.155703,-26.8054,0.0000,8307.54026,0.00000,0.024952,0.000000,0
1316,54.833333,2990.3093,-532.4490,-84.5002,0.4745,68.62010,247.032,0.0000000,5.155703,-26.3263,0.0000,8315.55464,0.00000,0.024506,0.000000,0
1317,54.875000,2993.1488,-531.2311,-87.0652,0.3485,67.53298,243.119,0.0000000,5.155703,-25.8664,0.0000,8323.44201,0.00000,0.024078,0.000000,0
1318,54.916667,2995.9433,-530.0324,-89.5896,0.2242,66.46457,239.272,0.0000000,5.155703,-25.4252,0.0000,8331.20464,0.00000,0.023667,0.000000,0
1319,54.958333,2998.6937,-528.8527,-92.0741,0.1018,65.41422,235.491,0.0000000,5.155703,-24.9989,0.0000,8338.84458,0.00000,0.023270,0.000000,0
1320,55.000000,3001.4006,-527.6916,-94.5194,-0.0187,64.38133,231.773,0.0000000,5.155703,-24.5864,0.0000,8346.36388,0.00000,0.022886,0.000000,0
1321,55.041667,3004.0649,-526.5488,-96.9261,-0.1372,63.36535,228.115,0.0000000,5.155703,-24.1872,0.0000,8353.76462,0.00000,0.022514,0.000000,0
1322,55.083333,3006.6872,-525.4240,-99.2949,-0.2539,62.36573,224.517,0.0000000,5.155703,-23.8006,0.0000,8361.04868,0.00000,0.022155,0.000000,0
1323,55.125000,3009.2681,-524.3169,-101.6264,-0.3688,61.38197,220.975,0.0000000,5.155703,-23.4259,0.0000,8368.21796,0.00000,0.021806,0.000000,0
1324,55.166667,3011.8083,-523.2274,-103.9210,-0.4818,60.41357,217.489,0.0000000,5.155703,-23.0630,0.0000,8375.27413,0.00000,0.021468,0.000000,0
1325,55.208333,3014.3085,-522.1549,-106.1795,-0.5931,59.46005,214.056,0.0000000,5.155703,-22.7116,0.0000,8382.21910,0.00000,0.021141,0.000000,0
1326,55.250000,3016.7693,-521.0994,-108.4024,-0.7026,58.52094,210.675,0.0000000,5.155703,-22.3707,0.0000,8389.05457,0.00000,0.020824,0.000000,0
1327,55.291667,3019.1912,-520.0606,-110.5902,-0.8103,57.59583,207.345,0.0000000,5.155703,-22.0401,0.0000,8395.78202,0.00000,0.020516,0.000000,0
1328,55.333333,3021.5748,-519.0382,-112.7434,-0.9164,56.68427,204.063,0.0000000,5.155703,-21.7197,0.0000,8402.40318,0.00000,0.020218,0.000000,0
1329,55.375000,3023.9207,-518.0319,-114.8626,-1.0208,55.78585,200.829,0.0000000,5.155703,-21.4091,0.0000,8408.91959,0.00000,0.019928,0.000000,0
1330,55.416667,3026.2295,-517.0416,-116.9481,-1.1236,54.90018,197.641,0.0000000,5.155703,-21.1076,0.0000,8415.33282,0.00000,0.019648,0.000000,0
1331,55.458333,3028.5016,-516.0670,-119.0006,-1.2247,54.02688,194.497,0.0000000,5.155703,-20.8149,0.0000,8421.64420,0.00000,0.019375,0.000000,0
1332,55.500000,3030.7375,-515.1080,-121.0204,-1.3242,53.16560,191.396,0.0000000,5.155703,-20.5308,0.0000,8427.85510,0.00000,0.019111,0.000000,0
1333,55.541667,3032.9377,-514.1642,-123.0080,-1.4221,52.31598,188.338,0.0000000,5.155703,-20.2552,0.0000,8433.96691,0.00000,0.018854,0.000000,0
1334,55.583333,3035.1028,-513.2355,-124.9638,-1.5184,51.47767,185.320,0.0000000,5.155703,-19.9879,0.0000,8439.98108,0.00000,0.018606,0.000000,0
1335,55.625000,3037.2333,-512.3217,-126.8883,-1.6132,50.65033,182.341,0.0000000,5.155703,-19.7280,0.0000,8445.89899,0.00000,0.018364,0.000000,0
1336,55.666667,3039.3294,-511.4226,-128.7818,-1.7065,49.83367,179.401,0.0000000,5.155703,-19.4755,0.0000,8451.72154,0.00000,0.018129,0.000000,0
1337,55.708333,3041.3917,-510.5380,-130.6447,-1.7983,49.02737,176.499,0.0000000,5.155703,-19.2319,0.0000,8457.45023,0.00000,0.017902,0.000000,0
1338,55.750000,3043.4207,-509.6677,-132.4776,-1.8879,48.23102,173.632,0.0000000,5.155703,-19.0002,0.0000,8463.08621,0.00000,0.017686,0.000000,0
1339,55.791667,3045.4166,-508.8116,-134.2806,-1.9740,47.44402,170.798,0.0000000,5.155703,-18.7790,0.0000,8468.63053,0.00000,0.017480,0.000000,0
1340,55.833333,3047.3800,-507.9694,-136.0542,-2.0566,46.66610,167.998,0.0000000,5.155703,-18.5644,0.0000,8474.08428,0.00000,0.017281,0.000000,0
1341,55.875000,3049.3111,-507.1411,-137.7986,-2.1358,45.89699,165.229,0.0000000,5.155703,-18.3559,0.0000,8479.44858,0.00000,0.017086,0.000000,0
1342,55.916667,3051.2104,-506.3264,-139.5143,-2.2117,45.13645,162.491,0.0000000,5.155703,-18.1530,0.0000,8484.72431,0.00000,0.016898,0.000000,0
1343,55.958333,3053.0781,-505.5253,-141.2015,-2.2845,44.38424,159.783,0.0000000,5.155703,-17.9560,0.0000,8489.91246,0.00000,0.016714,0.000000,0
1344,56.000000,3054.9147,-504.7375,-142.8605,-2.3542,43.64012,157.104,0.0000000,5.155703,-17.7646,0.0000,8495.01402,0.00000,0.016536,0.000000,0
1345,56.041667,3056.7205,-503.9630,-144.4917,-2.4210,42.90386,154.454,0.0000000,5.155703,-17.5785,0.0000,8500.03004,0.00000,0.016363,0.000000,0
1346,56.083333,3058.4957,-503.2015,-146.0954,-2.4849,42.17525,151.831,0.0000000,5.155703,-17.3973,0.0000,8504.96127,0.00000,0.016194,0.000000,0
1347,56.125000,3060.2407,-502.4530,-147.6717,-2.5461,41.45408,149.235,0.0000000,5.155703,-17.2212,0.0000,8509.80854,0.00000,0.016030,0.000000,0
1348,56.166667,3061.9558,-501.7173,-149.2210,-2.6046,40.74015,146.665,0.0000000,5.155703,-17.0500,0.0000,8514.57271,0.00000,0.015871,0.000000,0
1349,56.208333,3063.6413,-500.9944,-150.7436,-2.6606,40.03325,144.120,0.0000000,5.155703,-16.8838,0.0000,8519.25469,0.00000,0.015716,0.000000,0
1350,56.250000,3065.2976,-500.2839,-152.2398,-2.7141,39.33316,141.599,0.0000000,5.155703,-16.7220,0.0000,8523.85545,0.00000,0.015566,0.000000,0
1351,56.291667,3066.9248,-499.5860,-153.7097,-2.7653,38.63975,139.103,0.0000000,5.155703,-16.5647,0.0000,8528.37537,0.00000,0.015419,0.000000,0
1352,56.333333,3068.5233,-498.9003,-155.1537,-2.8141,37.95277,136.630,0.0000000,5.155703,-16.4116,0.0000,8532.81573,0.00000,0.015277,0.000000,0
1353,56.375000,3070.0932,-498.2269,-156.5718,-2.8607,37.27211,134.180,0.0000000,5.155703,-16.2626,0.0000,8537.17660,0.00000,0.015138,0.000000,0
1354,56.416667,3071.6350,-497.5656,-157.9645,-2.9052,36.59755,131.751,0.0000000,5.155703,-16.1181,0.0000,8541.45921,0.00000,0.015003,0.000000,0
1355,56.458333,3073.1487,-496.9163,-159.3320,-2.9477,35.92894,129.344,0.0000000,5.155703,-15.9774,0.0000,8545.66417,0.00000,0.014872,0.000000,0
1356,56.500000,3074.6348,-496.2789,-160.6744,-2.9881,35.26610,126.958,0.0000000,5.155703,-15.8407,0.0000,8549.79210,0.00000,0.014745,0.000000,0
1357,56.541667,3076.0934,-495.6532,-161.9920,-3.0267,34.60888,124.592,0.0000000,5.155703,-15.7078,0.0000,8553.84373,0.00000,0.014622,0.000000,0
1358,56.583333,3077.5248,-495.0393,-163.2850,-3.0634,33.95712,122.246,0.0000000,5.155703,-15.5782,0.0000,8557.81983,0.00000,0.014501,0.000000,0
1359,56.625000,3078.9290,-494.4369,-164.5535,-3.0984,33.31070,119.919,0.0000000,5.155703,-15.4524,0.0000,8561.72039,0.00000,0.014384,0.000000,0
1360,56.666667,3080.3065,-493.8461,-165.7978,-3.1316,32.66942,117.610,0.0000000,5.155703,-15.3302,0.0000,8565.54685,0.00000,0.014270,0.000000,0
1361,56.708333,3081.6573,-493.2667,-167.0181,-3.1632,32.03318,115.319,0.0000000,5.155703,-12.5597,0.0000,8569.29915,0.00000,0.011691,0.000000,0
1362,56.750000,3082.9812,-492.7002,-168.2156,-3.1932,31.62278,113.842,0.0200000,5.164925,-4.9248,20.0000,8572.97653,0.05600,0.004584,0.010860,0
1363,56.791667,3084.2953,-492.1102,-169.3897,-3.2221,31.62278,113.842,0.0200000,5.191207,0.0000,20.0000,8576.62681,0.05600,-0.000000,0.010860,0
1364,56.833333,3085.6094,-491.4894,-170.5479,-3.2500,31.62278,113.842,0.0200000,5.217489,0.0000,20.0000,8580.27709,0.05600,-0.000000,0.010860,0
1365,56.875000,3086.9235,-490.8385,-171.6894,-3.2770,31.62278,113.842,0.0200000,5.243771,0.0000,20.0000,8583.92737,0.05600,-0.000000,0.010860,0
1366,56.916667,3088.2376,-490.1579,-172.8135,-3.3031,31.62278,113.842,0.0200000,5.270053,0.0000,20.0000,8587.57764,0.05600,-0.000000,0.010860,0
1367,56.958333,3089.5517,-489.4478,-173.9192,-3.3283,31.62278,113.842,0.0200000,5.296335,0.0000,20.0000,8591.22792,0.05600,-0.000000,0.010860,0
1368,57.000000,3090.8658,-488.7090,-175.0059,-3.3525,31.62278,113.842,0.0200000,5.322617,0.0000,20.0000,8594.87820,0.05600,-0.000000,0.010860,0
1369,57.041667,3092.1799,-487.9419,-176.0728,-3.3757,31.62278,113.842,0.0200000,5.348899,0.0000,20.0000,8598.52848,0.05600,-0.000000,0.010860,0
1370,57.083333,3093.4940,-487.1471,-177.1192,-3.3981,31.62278,113.842,0.0200000,5.375181,0.0000,20.0000,8602.17876,0.05600,-0.000000,0.010860,0
1371,57.125000,3094.8081,-486.3249,-178.1443,-3.4195,31.62278,113.842,0.0200000,5.401463,0.0000,20.0000,8605.82904,0.05600,-0.000000,0.010860,0
1372,57.166667,3096.1222,-485.4761,-179.1474,-3.4400,31.62278,113.842,0.0200000,5.427745,0.0000,20.0000,8609.47931,0.05600,-0.000000,0.010860,0
1373,57.208333,3097.4363,-484.6013,-180.1280,-3.4595,31.62278,113.842,0.0200000,5.454027,0.0000,20.0000,8613.12959,0.05600,-0.000000,0.010860,0
1374,57.250000,3098.7504,-483.7011,-181.0852,-3.4782,31.62278,113.842,0.0200000,5.480309,0.0000,20.0000,8616.77987,0.05600,-0.000000,0.010860,0
1375,57.291667,3100.0645,-482.7759,-182.0184,-3.4958,31.62278,113.842,0.0200000,5.506591,0.0000,20.0000,8620.43015,0.05600,-0.000000,0.010860,0
1376,57.333333,3101.3786,-481.8265,-182.9269,-3.5126,31.62278,113.842,0.0200000,5.532873,0.0000,20.0000,8624.08043,0.05600,-0.000000,0.010860,0
1377,57.375000,3102.6927,-480.8537,-183.8103,-3.5284,31.62278,113.842,0.0200000,5.559155,0.0000,20.0000,8627.73070,0.05600,-0.000000,0.010860,0
1378,57.416667,3104.0068,-479.8579,-184.6677,-3.5433,31.62278,113.842,0.0200000,5.585437,0.0000,20.0000,8631.38098,0.05600,-0.000000,0.010860,0
1379,57.458333,3105.3209,-478.8399,-185.4986,-3.5573,31.62278,113.842,0.0200000,5.611719,0.0000,20.0000,8635.03126,0.05600,-0.000000,0.010860,0
1380,57.500000,3106.6350,-477.8005,-186.3026,-3.5703,31.62278,113.842,0.0200000,5.638001,0.0000,20.0000,8638.68154,0.05600,-0.000000,0.010860,0
1381,57.541667,3107.9491,-476.7403,-187.0790,-3.5824,31.62278,113.842,0.0200000,5.664283,0.0000,20.0000,8642.33182,0.05600,-0.000000,0.010860,0
1382,57.583333,3109.2632,-475.6600,-187.8271,-3.5936,31.62278,113.842,0.0200000,5.690565,0.0000,20.0000,8645.98209,0.05600,-0.000000,0.010860,0
1383,57.625000,3110.5773,-474.5605,-188.5467,-3.6038,31.62278,113.842,0.0200000,5.716847,0.0000,20.0000,8649.63237,0.05600,-0.000000,0.010860,0
1384,57.666667,3111.8914,-473.4424,-189.2371,-3.6131,31.62278,113.842,0.0200000,5.743129,0.0000,20.0000,8653.28265,0.05600,-0.000000,0.010860,0
1385,57.708333,3113.2055,-472.3066,-189.8980,-3.6215,31.62278,113.842,0.0200000,5.769411,0.0000,20.0000,8656.93293,0.05600,-0.000000,0.010860,0
1386,57.750000,3114.5196,-471.1538,-190.5286,-3.6289,31.62278,113.842,0.0200000,5.795693,0.0000,20.0000,8660.58321,0.05600,-0.000000,0.010860,0
1387,57.791667,3115.8337,-469.9848,-191.1288,-3.6354,31.62278,113.842,0.0200000,5.821975,0.0000,20.0000,8664.23348,0.05600,-0.000000,0.010860,0
1388,57.833333,3117.1478,-468.8005,-191.6982,-3.6410,31.62278,113.842,0.0200000,5.848257,0.0000,20.0000,8667.88376,0.05600,-0.000000,0.010860,0
1389,57.875000,3118.4619,-467.6016,-192.2361,-3.6456,31.62278,113.842,0.0200000,5.874539,0.0000,20.0000,8671.53404,0.05600,-0.000000,0.010860,0
1390,57.916667,3119.7760,-466.3890,-192.7423,-3.6493,31.62278,113.842,0.0200000,5.900821,0.0000,20.0000,8675.18432,0.05600,-0.000000,0.010860,0
1391,57.958333,3121.0901,-465.1635,-193.2166,-3.6521,31.62278,113.842,0.0200000,5.927103,0.0000,20.0000,8678.83460,0.05600,-0.000000,0.010860,0
1392,58.000000,3122.4042,-463.9260,-193.6586,-3.6540,31.62278,113.842,0.0200000,5.953385,0.0000,20.0000,8682.48488,0.05600,-0.000000,0.010860,0
1393,58.041667,3123.7183,-462.6772,-194.0677,-3.6558,31.62278,113.842,0.0200000,5.979667,0.0000,20.0000,8686.13515,0.05600,-0.000000,0.010860,0
1394,58.083333,3125.0324,-461.4181,-194.4439,-3.6575,31.62278,113.842,0.0200000,6.005949,0.0000,20.0000,8689.78543,0.05600,-0.000000,0.010860,0
1395,58.125000,3126.3465,-460.1497,-194.7869,-3.6593,31.62278,113.842,0.0200000,6.032231,0.0525,20.0000,8693.43571,0.05600,-0.000049,0.010860,0
1396,58.166667,3127.6606,-458.8726,-195.0962,-3.6610,31.62715,113.858,0.0190990,6.058513,6.1974,19.1043,8697.08599,0.05348,-0.005769,0.010373,0
1397,58.208333,3128.9865,-457.5784,-195.3773,-3.6625,32.13923,115.701,0.0000000,6.063274,12.3103,0.0000,8700.76899,0.00000,-0.011459,0.000000,0
1398,58.250000,3130.3343,-456.2630,-195.6713,-3.6638,32.65301,117.551,0.0000000,6.063274,12.3514,0.0000,8704.51297,0.00000,-0.011497,0.000000,0
1399,58.291667,3131.7036,-454.9267,-195.9700,-3.6648,33.16852,119.407,0.0000000,6.063274,12.3934,0.0000,8708.31659,0.00000,-0.011536,0.000000,0
1400,58.333333,3133.0945,-453.5694,-196.2734,-3.6655,33.68579,121.269,0.0000000,6.063274,12.4361,0.0000,8712.18007,0.00000,-0.011576,0.000000,0
1401,58.375000,3134.5070,-452.1909,-196.5815,-3.6660,34.20486,123.137,0.0000000,6.063274,12.4796,0.0000,8716.10366,0.00000,-0.011617,0.000000,0
1402,58.416667,3135.9411,-450.7913,-196.8944,-3.6663,34.72576,125.013,0.0000000,6.063274,12.5239,0.0000,8720.08733,0.00000,-0.011658,0.000000,0
1403,58.458333,3137.3970,-449.3705,-197.2120,-3.6662,35.24852,126.895,0.0000000,6.063274,12.5691,0.0000,8724.13143,0.00000,-0.011700,0.000000,0
1404,58.500000,3138.8747,-447.9283,-197.5344,-3.6658,35.77318,128.783,0.0000000,6.063274,12.6151,0.0000,8728.23640,0.00000,-0.011743,0.000000,0
1405,58.541667,3140.3744,-446.4647,-197.8615,-3.6651,36.29978,130.679,0.0000000,6.063274,12.6619,0.0000,8732.40219,0.00000,-0.011786,0.000000,0
1406,58.583333,3141.8961,-444.9797,-198.1934,-3.6640,36.82834,132.582,0.0000000,6.063274,12.7096,0.0000,8736.62903,0.00000,-0.011831,0.000000,0
1407,58.625000,3143.4399,-443.4731,-198.5302,-3.6626,37.35891,134.492,0.0000000,6.063274,12.7582,0.0000,8740.91738,0.00000,-0.011876,0.000000,0
1408,58.666667,3145.0059,-441.9448,-198.8718,-3.6608,37.89152,136.409,0.0000000,6.063274,12.8075,0.0000,8745.26729,0.00000,-0.011922,0.000000,0
1409,58.708333,3146.5940,-440.3949,-199.2183,-3.6587,38.42621,138.334,0.0000000,6.063274,12.8578,0.0000,8749.67888,0.00000,-0.011969,0.000000,0
1410,58.750000,3148.2046,-438.8232,-199.5696,-3.6561,38.96301,140.267,0.0000000,6.063274,12.9090,0.0000,8754.15258,0.00000,-0.012016,0.000000,0
1411,58.791667,3149.8375,-437.2295,-199.9258,-3.6532,39.50196,142.207,0.0000000,6.063274,12.9611,0.0000,8758.68858,0.00000,-0.012065,0.000000,0
1412,58.833333,3151.4930,-435.6139,-200.2869,-3.6498,40.04310,144.155,0.0000000,6.063274,13.0141,0.0000,8763.28717,0.00000,-0.012114,0.000000,0
1413,58.875000,3153.1711,-433.9763,-200.6530,-3.6460,40.58647,146.111,0.0000000,6.063274,13.0681,0.0000,8767.94841,0.00000,-0.012164,0.000000,0
1414,58.916667,3154.8719,-432.3164,-201.0240,-3.6417,41.13211,148.076,0.0000000,6.063274,13.1231,0.0000,8772.67284,0.00000,-0.012216,0.000000,0
1415,58.958333,3156.5955,-430.6343,-201.4000,-3.6369,41.68006,150.048,0.0000000,6.063274,13.1790,0.0000,8777.46064,0.00000,-0.012268,0.000000,0
1416,59.000000,3158.3420,-428.9299,-201.7810,-3.6317,42.23035,152.029,0.0000000,6.063274,13.2358,0.0000,8782.31199,0.00000,-0.012320,0.000000,0
1417,59.041667,3160.1114,-427.2031,-202.1670,-3.6259,42.78304,154.019,0.0000000,6.063274,13.2936,0.0000,8787.22717,0.00000,-0.012374,0.000000,0
1418,59.083333,3161.9040,-425.4537,-202.5580,-3.6196,43.33816,156.017,0.0000000,6.063274,13.3526,0.0000,8792.20646,0.00000,-0.012429,0.000000,0
1419,59.125000,3163.7198,-423.6816,-202.9541,-3.6128,43.89576,158.025,0.0000000,6.063274,13.4125,0.0000,8797.25036,0.00000,-0.012485,0.000000,0
1420,59.166667,3165.5588,-421.8868,-203.3553,-3.6054,44.45587,160.041,0.0000000,6.063274,13.4734,0.0000,8802.35889,0.00000,-0.012542,0.000000,0
1421,59.208333,3167.4213,-420.0693,-203.7616,-3.5974,45.01854,162.067,0.0000000,6.063274,13.5354,0.0000,8807.53232,0.00000,-0.012599,0.000000,0
1422,59.250000,3169.3073,-418.2287,-204.1730,-3.5888,45.58382,164.102,0.0000000,6.063274,1.0374,0.0000,8812.77123,0.00000,-0.000966,0.000000,0
1423,59.291667,3171.2026,-416.3790,-204.5864,-3.5796,45.10499,162.378,0.0000000,6.063274,-14.9836,0.0000,8818.03594,0.00000,0.013947,0.000000,0
1424,59.333333,3173.0680,-414.5585,-204.9934,-3.5701,44.33519,159.607,0.0000000,6.063274,-18.3726,0.0000,8823.21772,0.00000,0.017102,0.000000,0
1425,59.375000,3174.9017,-412.7690,-205.3934,-3.5603,43.57395,156.866,0.0000000,6.063274,-18.1694,0.0000,8828.31115,0.00000,0.016913,0.000000,0
1426,59.416667,3176.7037,-411.0104,-205.7865,-3.5502,42.82107,154.156,0.0000000,6.063274,-17.9719,0.0000,8833.31669,0.00000,0.016729,0.000000,0
1427,59.458333,3178.4745,-409.2822,-206.1728,-3.5398,42.07629,151.475,0.0000000,6.063274,-17.7803,0.0000,8838.23570,0.00000,0.016551,0.000000,0
1428,59.500000,3180.2145,-407.5841,-206.5523,-3.5292,41.33938,148.822,0.0000000,6.063274,-17.5941,0.0000,8843.06906,0.00000,0.016377,0.000000,0
1429,59.541667,3181.9240,-405.9158,-206.9253,-3.5183,40.61012,146.196,0.0000000,6.063274,-13.7704,0.0000,8847.81769,0.00000,0.012818,0.000000,0
1430,59.583333,3183.6018,-404.2730,-207.2899,-3.5072,40.19185,144.691,0.0142857,6.073319,-5.0193,23.0769,8852.47833,0.04000,0.004672,0.012531,0
1431,59.625000,3185.2689,-402.6385,-207.6177,-3.4958,40.19185,144.691,0.0142857,6.097134,0.0000,23.0769,8857.10916,0.04000,-0.000000,0.012531,0
1432,59.666667,3186.9360,-400.9967,-207.9066,-3.4840,40.19185,144.691,0.0142857,6.120950,0.0000,23.0769,8861.73999,0.04000,-0.000000,0.012531,0
1433,59.708333,3188.6031,-399.3484,-208.1563,-3.4718,40.19185,144.691,0.0142857,6.144766,0.0000,23.0769,8866.37082,0.04000,-0.000000,0.012531,0
1434,59.750000,3190.2702,-397.6947,-208.3665,-3.4592,40.19185,144.691,0.0142857,6.168582,0.0000,23.0769,8871.00166,0.04000,-0.000000,0.012531,0
1435,59.791667,3191.9373,-396.0364,-208.5374,-3.4462,40.19185,144.691,0.0142857,6.192397,0.0000,23.0769,8875.63249,0.04000,-0.000000,0.012531,0
1436,59.833333,3193.6044,-394.3745,-208.6689,-3.4329,40.19185,144.691,0.0142857,6.216213,0.0000,23.0769,8880.26332,0.04000,-0.000000,0.012531,0
1437,59.875000,3195.2715,-392.7100,-208.7606,-3.4191,40.19185,144.691,0.0142857,6.240029,0.0000,23.0769,8884.89415,0.04000,-0.000000,0.012531,0
1438,59.916667,3196.9386,-391.0438,-208.8126,-3.4049,40.19185,144.691,0.0142857,6.263844,0.0000,23.0769,8889.52498,0.04000,-0.000000,0.012531,0
1439,59.958333,3198.6057,-389.3767,-208.8251,-3.3904,40.19185,144.691,0.0142857,6.287660,0.0000,23.0769,8894.15582,0.04000,-0.000000,0.012531,0
1440,60.000000,3200.2728,-387.7099,-208.7977,-3.3754,40.19185,144.691,0.0142857,6.311476,0.0000,23.0769,8898.78665,0.04000,-0.000000,0.012531,0
1441,60.041667,3201.9399,-386.0442,-208.7307,-3.3601,40.19185,144.691,0.0142857,6.335291,0.0000,23.0769,8903.41748,0.04000,-0.000000,0.012531,0
1442,60.083333,3203.6070,-384.3806,-208.6241,-3.3443,40.19185,144.691,0.0142857,6.359107,0.0000,23.0769,8908.04831,0.04000,-0.000000,0.012531,0
1443,60.125000,3205.2741,-382.7199,-208.4779,-3.3282,40.19185,144.691,0.0142857,6.382923,0.0000,23.0769,8912.67914,0.04000,-0.000000,0.012531,0
1444,60.166667,3206.9412,-381.0632,-208.2921,-3.3117,40.19185,144.691,0.0142857,6.406739,0.0000,23.0769,8917.30998,0.04000,-0.000000,0.012531,0
1445,60.208333,3208.6083,-379.4115,-208.0670,-3.2947,40.19185,144.691,0.0142857,6.430554,2.9057,23.0769,8921.94081,0.04000,-0.002705,0.012531,0
1446,60.250000,3210.2792,-377.7643,-207.8079,-3.2774,40.43399,145.562,0.0000000,6.447246,9.4056,0.0000,8926.58212,0.00000,-0.008755,0.000000,0
1447,60.291667,3211.9736,-376.0927,-207.5312,-3.2594,40.97565,147.512,0.0000000,6.447246,13.0272,0.0000,8931.28879,0.00000,-0.012126,0.000000,0
1448,60.333333,3213.6906,-374.3987,-207.2508,-3.2407,41.51959,149.471,0.0000000,6.447246,13.0824,0.0000,8936.05825,0.00000,-0.012178,0.000000,0
1449,60.375000,3215.4303,-372.6824,-206.9666,-3.2214,42.06586,151.437,0.0000000,6.447246,13.1387,0.0000,8940.89081,0.00000,-0.012230,0.000000,0
1450,60.416667,3217.1929,-370.9435,-206.6788,-3.2013,42.61448,153.412,0.0000000,6.447246,13.1966,0.0000,8945.78675,0.00000,-0.012284,0.000000,0
1451,60.458333,3218.9783,-369.1820,-206.3872,-3.1809,43.16557,155.396,0.0000000,6.447246,13.2568,0.0000,8950.74634,0.00000,-0.012340,0.000000,0
1452,60.500000,3220.7868,-367.3978,-206.0918,-3.1602,43.71921,157.389,0.0000000,6.447246,13.3186,0.0000,8955.76987,0.00000,-0.012397,0.000000,0
1453,60.541667,3222.6185,-365.5908,-205.7926,-3.1392,44.27545,159.392,0.0000000,6.447246,13.3814,0.0000,8960.85785,0.00000,-0.012456,0.000000,0
1454,60.583333,3224.4733,-363.7608,-205.4897,-3.1180,44.83433,161.404,0.0000000,6.447246,13.4453,0.0000,8966.01024,0.00000,-0.012515,0.000000,0
1455,60.625000,3226.3516,-361.9078,-205.1829,-3.0965,45.39589,163.425,0.0000000,6.447246,13.5103,0.0000,8971.22756,0.00000,-0.012576,0.000000,0
1456,60.666667,3228.2532,-360.0317,-204.8723,-3.0747,45.96018,165.457,0.0000000,6.447246,13.5764,0.0000,8976.50998,0.00000,-0.012638,0.000000,0
1457,60.708333,3230.1785,-358.1322,-204.5579,-3.0527,46.52726,167.498,0.0000000,6.447246,13.6437,0.0000,8981.85806,0.00000,-0.012700,0.000000,0
1458,60.750000,3232.1275,-356.2094,-204.2395,-3.0304,47.09716,169.550,0.0000000,6.447246,13.7121,0.0000,8987.27188,0.00000,-0.012764,0.000000,0
1459,60.791667,3234.1003,-354.2631,-203.9173,-3.0078,47.66994,171.612,0.0000000,6.447246,13.7817,0.0000,8992.75184,0.00000,-0.012829,0.000000,0
1460,60.833333,3236.0970,-352.2932,-203.5912,-2.9850,48.24564,173.684,0.0000000,6.447246,13.8525,0.0000,8998.29831,0.00000,-0.012895,0.000000,0
1461,60.875000,3238.1178,-350.2995,-203.2612,-2.9618,48.82432,175.768,0.0000000,6.447246,13.9049,0.0000,9003.91162,0.00000,-0.012943,0.000000,0
1462,60.916667,3240.1628,-348.2820,-202.9272,-2.9384,49.40438,177.856,0.0000000,6.447246,13.8211,0.0000,9009.59209,0.00000,-0.012865,0.000000,0
1463,60.958333,3242.2318,-346.2408,-202.5893,-2.9147,49.97608,179.914,0.0000000,6.447246,13.6037,0.0000,9015.33932,0.00000,-0.012663,0.000000,0
1464,61.000000,3244.3245,-344.1762,-202.2475,-2.8908,50.53802,181.937,0.0000000,6.447246,13.3734,0.0000,9021.15231,0.00000,-0.012449,0.000000,0
1465,61.041667,3246.4404,-342.0887,-201.9019,-2.8666,51.09053,183.926,0.0000000,6.447246,13.1505,0.0000,9027.02994,0.00000,-0.012241,0.000000,0
1466,61.083333,3248.5792,-339.9786,-201.5526,-2.8421,51.63390,185.882,0.0000000,6.447246,12.9343,0.0000,9032.97102,0.00000,-0.012040,0.000000,0
1467,61.125000,3250.7405,-337.8464,-201.1996,-2.8174,52.16839,187.806,0.0000000,6.447246,12.7243,0.0000,9038.97458,0.00000,-0.011844,0.000000,0
1468,61.166667,3252.9239,-335.6922,-200.8430,-2.7924,52.69425,189.699,0.0000000,6.447246,12.5203,0.0000,9045.03966,0.00000,-0.011654,0.000000,0
1469,61.208333,3255.1291,-333.5167,-200.4828,-2.7671,53.21175,191.562,0.0000000,6.447246,12.3223,0.0000,9051.16517,0.00000,-0.011470,0.000000,0
1470,61.250000,3257.3557,-331.3200,-200.1191,-2.7416,53.72111,193.396,0.0000000,6.447246,12.1295,0.0000,9057.35017,0.00000,-0.011291,0.000000,0
1471,61.291667,3259.6034,-329.1025,-199.7520,-2.7159,54.22254,195.201,0.0000000,6.447246,11.9418,0.0000,9063.59375,0.00000,-0.011116,0.000000,0
1472,61.333333,3261.8718,-326.8645,-199.3815,-2.6899,54.71626,196.979,0.0000000,6.447246,11.7591,0.0000,9069.89501,0.00000,-0.010946,0.000000,0
1473,61.375000,3264.1607,-324.6063,-199.0077,-2.6637,55.20247,198.729,0.0000000,6.447246,1.4656,0.0000,9076.25305,0.00000,-0.001364,0.000000,0
1474,61.416667,3266.4608,-322.3371,-198.6320,-2.6374,54.83840,197.418,0.0000000,6.447246,-15.1109,0.0000,9082.64221,0.00000,0.014066,0.000000,0
1475,61.458333,3268.7291,-320.0993,-198.2616,-2.6114,53.94323,194.196,0.0000000,6.447246,-21.3366,0.0000,9088.94305,0.00000,0.019861,0.000000,0
1476,61.500000,3270.9604,-317.8980,-197.8971,-2.5859,53.06035,191.017,0.0000000,6.447246,-21.0460,0.0000,9095.14097,0.00000,0.019590,0.000000,0
1477,61.541667,3273.1551,-315.7327,-197.5387,-2.5608,52.18940,187.882,0.0000000,6.447246,-20.7642,0.0000,9101.23740,0.00000,0.019328,0.000000,0
1478,61.583333,3275.3138,-313.6030,-197.1861,-2.5361,51.33000,184.788,0.0000000,6.447246,-20.4906,0.0000,9107.23383,0.00000,0.019074,0.000000,0
1479,61.625000,3277.4369,-311.5084,-196.8393,-2.5118,50.48184,181.735,0.0000000,6.447246,-20.2252,0.0000,9113.13132,0.00000,0.018826,0.000000,0
1480,61.666667,3279.5250,-309.4484,-196.4983,-2.4879,49.64456,178.720,0.0000000,6.447246,-11.2617,0.0000,9118.93152,0.00000,0.010483,0.000000,0
1481,61.708333,3281.5882,-307.4100,-196.1822,-2.4643,49.54337,178.356,-0.0111111,6.427119,-1.2143,-27.2727,9124.66274,-0.03111,0.001130,-0.014809,0
1482,61.750000,3283.6507,-305.3656,-195.9098,-2.4407,49.54337,178.356,-0.0111111,6.404203,0.0000,-27.2727,9130.39193,-0.03111,-0.000000,-0.014809,0
1483,61.791667,3285.7132,-303.3155,-195.6843,-2.4170,49.54337,178.356,-0.0111111,6.381286,0.0000,-27.2727,9136.12111,-0.03111,-0.000000,-0.014809,0
1484,61.833333,3287.7758,-301.2608,-195.5057,-2.3934,49.54337,178.356,-0.0111111,6.358369,0.0000,-27.2727,9141.85030,-0.03111,-0.000000,-0.014809,0
1485,61.875000,3289.8383,-299.2025,-195.3745,-2.3698,49.54337,178.356,-0.0111111,6.335452,0.0000,-27.2727,9147.57949,-0.03111,-0.000000,-0.014809,0
1486,61.916667,3291.9008,-297.1418,-195.2903,-2.3462,49.54337,178.356,-0.0111111,6.312536,0.0000,-27.2727,9153.30867,-0.03111,-0.000000,-0.014809,0
1487,61.958333,3293.9633,-295.0797,-195.2534,-2.3226,49.54337,178.356,-0.0111111,6.289619,0.0000,-27.2727,9159.03786,-0.03111,-0.000000,-0.014809,0
1488,62.000000,3296.0258,-293.0172,-195.2637,-2.2990,49.54337,178.356,-0.0111111,6.266702,0.0000,-27.2727,9164.76704,-0.03111,-0.000000,-0.014809,0
1489,62.041667,3298.0883,-290.9556,-195.3214,-2.2754,49.54337,178.356,-0.0111111,6.243785,0.0000,-27.2727,9170.49623,-0.03111,-0.000000,-0.014809,0
1490,62.083333,3300.1508,-288.8958,-195.4263,-2.2518,49.54337,178.356,-0.0111111,6.220869,0.0000,-27.2727,9176.22541,-0.03111,-0.000000,-0.014809,0
1491,62.125000,3302.2133,-286.8389,-195.5783,-2.2282,49.54337,178.356,-0.0111111,6.197952,0.0000,-27.2727,9181.95460,-0.03111,-0.000000,-0.014809,0
1492,62.166667,3304.2758,-284.7861,-195.7773,-2.2046,49.54337,178.356,-0.0111111,6.175035,0.0000,-27.2727,9187.68378,-0.03111,-0.000000,-0.014809,0
1493,62.208333,3306.3383,-282.7384,-196.0235,-2.1810,49.54337,178.356,-0.0111111,6.152118,0.0000,-27.2727,9193.41297,-0.03111,-0.000000,-0.014809,0
1494,62.250000,3308.4008,-280.6968,-196.3165,-2.1574,49.54337,178.356,-0.0111111,6.129202,1.5435,-27.2727,9199.14215,-0.03111,-0.001437,-0.014809,0
1495,62.291667,3310.4638,-278.6596,-196.6471,-2.1337,49.67199,178.819,0.0000000,6.108652,8.3488,0.0000,9204.87269,0.00000,-0.007771,0.000000,0
1496,62.333333,3312.5439,-276.6111,-197.0083,-2.1099,50.23910,180.861,0.0000000,6.108652,13.4954,0.0000,9210.65073,0.00000,-0.012562,0.000000,0
1497,62.375000,3314.6475,-274.5395,-197.3736,-2.0859,50.79661,182.868,0.0000000,6.108652,13.2688,0.0000,9216.49401,0.00000,-0.012351,0.000000,0
1498,62.416667,3316.7741,-272.4452,-197.7429,-2.0615,51.34483,184.841,0.0000000,6.108652,13.0490,0.0000,9222.40126,0.00000,-0.012147,0.000000,0
1499,62.458333,3318.9234,-270.3285,-198.1161,-2.0369,51.88402,186.782,0.0000000,6.108652,12.8356,0.0000,9228.37166,0.00000,-0.011948,0.000000,0
1500,62.500000,3321.0951,-268.1899,-198.4932,-2.0121,52.41446,188.692,0.0000000,6.108652,12.6286,0.0000,9234.40400,0.00000,-0.011755,0.000000,0
1501,62.541667,3323.2887,-266.0296,-198.8741,-1.9870,52.93641,190.571,0.0000000,6.108652,12.4275,0.0000,9240.49729,0.00000,-0.011568,0.000000,0
1502,62.583333,3325.5039,-263.8481,-199.2588,-1.9616,53.45009,192.420,0.0000000,6.108652,12.2318,0.0000,9246.65060,0.00000,-0.011386,0.000000,0
1503,62.625000,3327.7403,-261.6456,-199.6471,-1.9360,53.95573,194.241,0.0000000,6.108652,12.0414,0.0000,9252.86302,0.00000,-0.011209,0.000000,0
1504,62.666667,3329.9977,-259.4225,-200.0391,-1.9102,54.45354,196.033,0.0000000,6.108652,11.8561,0.0000,9259.13358,0.00000,-0.011036,0.000000,0
1505,62.708333,3332.2758,-257.1791,-200.4347,-1.8841,54.94373,197.797,0.0000000,6.108652,11.6755,0.0000,9265.46143,0.00000,-0.010868,0.000000,0
1506,62.750000,3334.5741,-254.9157,-200.8338,-1.8578,55.42650,199.535,0.0000000,6.108652,11.4996,0.0000,9271.84566,0.00000,-0.010704,0.000000,0
1507,62.791667,3336.8924,-252.6326,-201.2364,-1.8312,55.90203,201.247,0.0000000,6.108652,11.3282,0.0000,9278.28540,0.00000,-0.010545,0.000000,0
1508,62.833333,3339.2304,-250.3301,-201.6424,-1.8045,56.37051,202.934,0.0000000,6.108652,11.1607,0.0000,9284.77976,0.00000,-0.010389,0.000000,0
1509,62.875000,3341.5878,-248.0085,-202.0517,-1.7775,56.83209,204.596,0.0000000,6.108652,10.9972,0.0000,9291.32812,0.00000,-0.010237,0.000000,0
1510,62.916667,3343.9643,-245.6681,-202.4644,-1.7503,57.28695,206.233,0.0000000,6.108652,10.8376,0.0000,9297.92949,0.00000,-0.010088,0.000000,0
1511,62.958333,3346.3596,-243.3092,-202.8803,-1.7229,57.73523,207.847,0.0000000,6.108652,10.6817,0.0000,9304.58325,0.00000,-0.009943,0.000000,0
1512,63.000000,3348.7735,-240.9319,-203.2995,-1.6952,58.17709,209.438,0.0000000,6.108652,10.5293,0.0000,9311.28851,0.00000,-0.009801,0.000000,0
1513,63.041667,3351.2057,-238.5367,-203.7219,-1.6674,58.61267,211.006,0.0000000,6.108652,10.3801,0.0000,9318.04466,0.00000,-0.009662,0.000000,0
1514,63.083333,3353.6560,-236.1237,-204.1473,-1.6394,59.04210,212.552,0.0000000,6.108652,10.2343,0.0000,9324.85093,0.00000,-0.009527,0.000000,0
1515,63.125000,3356.1240,-233.6931,-204.5759,-1.6111,59.46553,214.076,0.0000000,6.108652,10.0917,0.0000,9331.70659,0.00000,-0.009394,0.000000,0
1516,63.166667,3358.6096,-231.2453,-205.0075,-1.5827,59.88307,215.579,0.0000000,6.108652,9.9519,0.0000,9338.61096,0.00000,-0.009264,0.000000,0
1517,63.208333,3361.1125,-228.7805,-205.4421,-1.5540,60.29486,217.061,0.0000000,6.108652,9.8151,0.0000,9345.56338,0.00000,-0.009136,0.000000,0
1518,63.250000,3363.6324,-226.2988,-205.8797,-1.5252,60.70100,218.524,0.0000000,6.108652,9.6811,0.0000,9352.56317,0.00000,-0.009012,0.000000,0
1519,63.291667,3366.1691,-223.8006,-206.3202,-1.4961,61.10161,219.966,0.0000000,6.108652,9.5497,0.0000,9359.60969,0.00000,-0.008889,0.000000,0
1520,63.333333,3368.7225,-221.2861,-206.7636,-1.4669,61.49681,221.389,0.0000000,6.108652,9.4209,0.0000,9366.70229,0.00000,-0.008769,0.000000,0
1521,63.375000,3371.2922,-218.7554,-207.2098,-1.4375,61.88669,222.792,0.0000000,6.108652,9.2946,0.0000,9373.84041,0.00000,-0.008652,0.000000,0
1522,63.416667,3373.8781,-216.2088,-207.6589,-1.4079,62.27136,224.177,0.0000000,6.108652,9.1708,0.0000,9381.02340,0.00000,-0.008537,0.000000,0
1523,63.458333,3376.4799,-213.6465,-208.1107,-1.3781,62.65092,225.543,0.0000000,6.108652,9.0493,0.0000,9388.25060,0.00000,-0.008423,0.000000,0
1524,63.500000,3379.0974,-211.0687,-208.5652,-1.3482,63.02547,226.892,0.0000000,6.108652,8.9300,0.0000,9395.52155,0.00000,-0.008312,0.000000,0
1525,63.541667,3381.7304,-208.4757,-209.0224,-1.3180,63.39509,228.222,0.0000000,6.108652,8.8130,0.0000,9402.83554,0.00000,-0.008204,0.000000,0
1526,63.583333,3384.3788,-205.8676,-209.4823,-1.2877,63.75988,229.536,0.0000000,6.108652,8.6980,0.0000,9410.19213,0.00000,-0.008097,0.000000,0
1527,63.625000,3387.0423,-203.2446,-209.9448,-1.2572,64.11993,230.832,0.0000000,6.108652,-1.2920,0.0000,9417.59065,0.00000,0.001203,0.000000,0
1528,63.666667,3389.7120,-200.6154,-210.4084,-1.2267,63.65222,229.148,0.0000000,6.108652,-17.9354,0.0000,9425.00666,0.00000,0.016695,0.000000,0
1529,63.708333,3392.3448,-198.0226,-210.8656,-1.1965,62.62531,225.451,0.0000000,6.108652,-24.4496,0.0000,9432.31982,0.00000,0.022759,0.000000,0
1530,63.750000,3394.9351,-195.4717,-211.3154,-1.1669,61.61475,221.813,0.0000000,6.108652,-24.0635,0.0000,9439.51515,0.00000,0.022399,0.000000,0
1531,63.791667,3397.4837,-192.9618,-211.7579,-1.1377,60.62002,218.232,0.0000000,6.108652,-23.6895,0.0000,9446.59449,0.00000,0.022051,0.000000,0
1532,63.833333,3399.9911,-190.4925,-212.1933,-1.1090,59.64063,214.706,0.0000000,6.108652,-23.3269,0.0000,9453.55953,0.00000,0.021714,0.000000,0
1533,63.875000,3402.4580,-188.0631,-212.6217,-1.0808,58.67611,211.234,0.0000000,6.108652,-22.9758,0.0000,9460.41202,0.00000,0.021387,0.000000,0
1534,63.916667,3404.8850,-185.6729,-213.0432,-1.0530,57.72599,207.814,0.0000000,6.108652,-13.1186,0.0000,9467.15372,0.00000,0.012211,0.000000,0
1535,63.958333,3407.2824,-183.3054,-213.4435,-1.0255,57.58289,207.298,0.0095238,6.128007,-1.7171,31.5789,9473.81326,0.02667,0.001598,0.017147,0
1536,64.000000,3409.6786,-180.9340,-213.7867,-0.9981,57.58289,207.298,0.0095238,6.150827,0.0000,31.5789,9480.46922,0.02667,-0.000000,0.017147,0
1537,64.041667,3412.0747,-178.5554,-214.0758,-0.9707,57.58289,207.298,0.0095238,6.173648,-0.0000,31.5789,9487.12517,0.02667,0.000000,0.017147,0
1538,64.083333,3414.4709,-176.1708,-214.3106,-0.9433,57.58289,207.298,0.0095238,6.196468,0.0000,31.5789,9493.78113,0.02667,-0.000000,0.017147,0
1539,64.125000,3416.8670,-173.7815,-214.4908,-0.9158,57.58289,207.298,0.0095238,6.219289,0.0000,31.5789,9500.43708,0.02667,-0.000000,0.017147,0
1540,64.166667,3419.2631,-171.3887,-214.6166,-0.8884,57.58289,207.298,0.0095238,6.242109,-0.0000,31.5789,9507.09304,0.02667,0.000000,0.017147,0
1541,64.208333,3421.6593,-168.9937,-214.6876,-0.8610,57.58289,207.298,0.0095238,6.264929,0.0000,31.5789,9513.74900,0.02667,-0.000000,0.017147,0
1542,64.250000,3424.0554,-166.5977,-214.7040,-0.8336,57.58289,207.298,0.0095238,6.287750,0.0000,31.5789,9520.40495,0.02667,-0.000000,0.017147,0
1543,64.291667,3426.4516,-164.2019,-214.6658,-0.8061,57.58289,207.298,0.0095238,6.310570,-0.0000,31.5789,9527.06091,0.02667,0.000000,0.017147,0
1544,64.333333,3428.8477,-161.8076,-214.5728,-0.7787,57.58289,207.298,0.0095238,6.333391,0.0000,31.5789,9533.71686,0.02667,-0.000000,0.017147,0
1545,64.375000,3431.2439,-159.4161,-214.4253,-0.7513,57.58289,207.298,0.0095238,6.356211,0.0000,31.5789,9540.37282,0.02667,-0.000000,0.017147,0
1546,64.416667,3433.6400,-157.0285,-214.2232,-0.7239,57.58289,207.298,0.0095238,6.379031,-0.0000,31.5789,9547.02877,0.02667,0.000000,0.017147,0
1547,64.458333,3436.0361,-154.6462,-213.9667,-0.6964,57.58289,207.298,0.0095238,6.401852,0.0000,31.5789,9553.68473,0.02667,-0.000000,0.017147,0
1548,64.500000,3438.4323,-152.2703,-213.6559,-0.6691,57.58289,207.298,0.0095238,6.424672,0.0000,31.5789,9560.34068,0.02667,-0.000000,0.017147,0
1549,64.541667,3440.8284,-149.9022,-213.2910,-0.6423,57.58289,207.298,0.0095238,6.447493,-0.0000,31.5789,9566.99664,0.02667,0.000000,0.017147,0
1550,64.583333,3443.2246,-147.5430,-212.8721,-0.6161,57.58289,207.298,0.0095238,6.470313,0.0000,31.5789,9573.65259,0.02667,-0.000000,0.017147,0
1551,64.625000,3445.6207,-145.1940,-212.3995,-0.5904,57.58289,207.298,0.0095238,6.493134,0.0000,31.5789,9580.30855,0.02667,-0.000000,0.017147,0
1552,64.666667,3448.0169,-142.8564,-211.8734,-0.5652,57.58289,207.298,0.0095238,6.515954,-0.0000,31.5789,9586.96450,0.02667,0.000000,0.017147,0
1553,64.708333,3450.4130,-140.5313,-211.2942,-0.5406,57.58289,207.298,0.0095238,6.538774,0.0000,31.5789,9593.62046,0.02667,-0.000000,0.017147,0
1554,64.750000,3452.8092,-138.2202,-210.6620,-0.5165,57.58289,207.298,0.0095238,6.561595,0.0000,31.5789,9600.27641,0.02667,-0.000000,0.017147,0
1555,64.791667,3455.2053,-135.9240,-209.9773,-0.4930,57.58289,207.298,0.0095238,6.584415,-0.0000,31.5789,9606.93237,0.02667,0.000000,0.017147,0
1556,64.833333,3457.6014,-133.6441,-209.2402,-0.4701,57.58289,207.298,0.0095238,6.607236,0.0000,31.5789,9613.58833,0.02667,-0.000000,0.017147,0
1557,64.875000,3459.9976,-131.3815,-208.4514,-0.4477,57.58289,207.298,0.0095238,6.630056,0.0000,31.5789,9620.24428,0.02667,-0.000000,0.017147,0
1558,64.916667,3462.3937,-129.1376,-207.6112,-0.4258,57.58289,207.298,0.0095238,6.652876,-0.0000,31.5789,9626.90024,0.02667,0.000000,0.017147,0
1559,64.958333,3464.7899,-126.9134,-206.7200,-0.4045,57.58289,207.298,0.0095238,6.675697,0.0000,31.5789,9633.55619,0.02667,-0.000000,0.017147,0
1560,65.000000,3467.1860,-124.7101,-205.7783,-0.3837,57.58289,207.298,0.0095238,6.698517,0.0000,31.5789,9640.21215,0.02667,-0.000000,0.017147,0
1561,65.041667,3469.5822,-122.5289,-204.7865,-0.3635,57.58289,207.298,0.0095238,6.721338,-0.0000,31.5789,9646.86810,0.02667,0.000000,0.017147,0
1562,65.083333,3471.9783,-120.3709,-203.7453,-0.3438,57.58289,207.298,0.0095238,6.744158,0.0000,31.5789,9653.52406,0.02667,-0.000000,0.017147,0
1563,65.125000,3474.3744,-118.2372,-202.6550,-0.3246,57.58289,207.298,0.0095238,6.766979,0.0000,31.5789,9660.18001,0.02667,-0.000000,0.017147,0
1564,65.166667,3476.7706,-116.1290,-201.5163,-0.3061,57.58289,207.298,0.0095238,6.789799,-0.0000,31.5789,9666.83597,0.02667,0.000000,0.017147,0
1565,65.208333,3479.1667,-114.0472,-200.3299,-0.2880,57.58289,207.298,0.0095238,6.812619,0.0000,31.5789,9673.49192,0.02667,-0.000000,0.017147,0
1566,65.250000,3481.5629,-111.9931,-199.0962,-0.2705,57.58289,207.298,0.0095238,6.835440,0.0000,31.5789,9680.14788,0.02667,-0.000000,0.017147,0
1567,65.291667,3483.9590,-109.9677,-197.8161,-0.2536,57.58289,207.298,0.0095238,6.858260,-0.0000,31.5789,9686.80383,0.02667,0.000000,0.017147,0
1568,65.333333,3486.3552,-107.9720,-196.4900,-0.2372,57.58289,207.298,0.0095238,6.881081,0.0000,31.5789,9693.45979,0.02667,-0.000000,0.017147,0
1569,65.375000,3488.7513,-106.0071,-195.1187,-0.2214,57.58289,207.298,0.0095238,6.903901,0.0000,31.5789,9700.11574,0.02667,-0.000000,0.017147,0
1570,65.416667,3491.1475,-104.0740,-193.7030,-0.2061,57.58289,207.298,0.0095238,6.926721,-0.0000,31.5789,9706.77170,0.02667,0.000000,0.017147,0
1571,65.458333,3493.5436,-102.1737,-192.2434,-0.1913,57.58289,207.298,0.0095238,6.949542,0.0000,31.5789,9713.42765,0.02667,-0.000000,0.017147,0
1572,65.500000,3495.9397,-100.3072,-190.7410,-0.1771,57.58289,207.298,0.0095238,6.972362,3.8206,31.5789,9720.08361,0.02667,-0.003556,0.017147,0
1573,65.541667,3498.3418,-98.4702,-189.2003,-0.1634,57.90127,208.445,0.0000000,6.981317,9.1235,0.0000,9726.75613,0.00000,-0.008493,0.000000,0
1574,65.583333,3500.7627,-96.6157,-187.6443,-0.1502,58.34319,210.035,0.0000000,6.981317,10.5319,0.0000,9733.48069,0.00000,-0.009804,0.000000,0
1575,65.625000,3503.2018,-94.7472,-186.0764,-0.1374,58.77893,211.604,0.0000000,6.981317,10.3856,0.0000,9740.25605,0.00000,-0.009667,0.000000,0
1576,65.666667,3505.6590,-92.8649,-184.4970,-0.1251,59.20865,213.151,0.0000000,6.981317,10.2424,0.0000,9747.08153,0.00000,-0.009534,0.000000,0
1577,65.708333,3508.1340,-90.9690,-182.9061,-0.1133,59.63247,214.677,0.0000000,6.981317,10.1023,0.0000,9753.95647,0.00000,-0.009404,0.000000,0
1578,65.750000,3510.6265,-89.0596,-181.3039,-0.1020,60.05051,216.182,0.0000000,6.981317,9.9651,0.0000,9760.88020,0.00000,-0.009276,0.000000,0
1579,65.791667,3513.1364,-87.1369,-179.6906,-0.0913,60.46289,217.666,0.0000000,6.981317,9.8307,0.0000,9767.85203,0.00000,-0.009151,0.000000,0
1580,65.833333,3515.6633,-85.2011,-178.0663,-0.0810,60.86974,219.131,0.0000000,6.981317,9.6992,0.0000,9774.87134,0.00000,-0.009028,0.000000,0
1581,65.875000,3518.2071,-83.2525,-176.4312,-0.0713,61.27116,220.576,0.0000000,6.981317,9.5703,0.0000,9781.93747,0.00000,-0.008908,0.000000,0
1582,65.916667,3520.7676,-81.2911,-174.7854,-0.0622,61.66726,222.002,0.0000000,6.981317,9.4440,0.0000,9789.04978,0.00000,-0.008791,0.000000,0
1583,65.958333,3523.3444,-79.3171,-173.1290,-0.0536,62.05816,223.409,0.0000000,6.981317,9.3202,0.0000,9796.20764,0.00000,-0.008676,0.000000,0
1584,66.000000,3525.9374,-77.3307,-171.4622,-0.0457,62.44394,224.798,0.0000000,6.981317,9.1987,0.0000,9803.41053,0.00000,-0.008562,0.000000,0
1585,66.041667,3528.5465,-75.3321,-169.7852,-0.0383,62.82471,226.169,0.0000000,6.981317,9.0796,0.0000,9810.65782,0.00000,-0.008452,0.000000,0
1586,66.083333,3531.1712,-73.3214,-168.0980,-0.0315,63.20057,227.522,0.0000000,6.981317,8.9626,0.0000,9817.94891,0.00000,-0.008343,0.000000,0
1587,66.125000,3533.8116,-71.2987,-166.4008,-0.0254,63.57160,228.858,0.0000000,6.981317,8.8479,0.0000,9825.28328,0.00000,-0.008236,0.000000,0
1588,66.166667,3536.4674,-69.2643,-164.6937,-0.0199,63.93789,230.176,0.0000000,6.981317,8.7353,0.0000,9832.66036,0.00000,-0.008131,0.000000,0
1589,66.208333,3539.1383,-67.2183,-162.9769,-0.0150,64.29954,231.478,0.0000000,6.981317,8.6247,0.0000,9840.07955,0.00000,-0.008028,0.000000,0
1590,66.250000,3541.8242,-65.1607,-161.2504,-0.0108,64.65662,232.764,0.0000000,6.981317,8.5160,0.0000,9847.54044,0.00000,-0.007927,0.000000,0
1591,66.291667,3544.5249,-63.0919,-159.5144,-0.0073,65.00921,234.033,0.0000000,6.981317,8.4094,0.0000,9855.04242,0.00000,-0.007828,0.000000,0
1592,66.333333,3547.2402,-61.0118,-157.7691,-0.0044,65.35740,235.287,0.0000000,6.981317,8.3046,0.0000,9862.58497,0.00000,-0.007730,0.000000,0
1593,66.375000,3549.9700,-58.9207,-156.0144,-0.0023,65.70126,236.525,0.0000000,6.981317,8.2016,0.0000,9870.16759,0.00000,-0.007634,0.000000,0
1594,66.416667,3552.7140,-56.8187,-154.2506,-0.0008,66.04086,237.747,0.0000000,6.981317,8.1003,0.0000,9877.78981,0.00000,-0.007540,0.000000,0
1595,66.458333,3555.4720,-54.7059,-152.4778,-0.0001,66.37628,238.955,0.0000000,6.981317,8.0006,0.0000,9885.45112,0.00000,-0.007447,0.000000,0
1596,66.500000,3558.2440,-52.5824,-150.6960,0.0000,66.70758,240.147,0.0000000,6.981317,7.9015,0.0000,9893.15104,0.00000,-0.007355,0.000000,0
1597,66.541667,3561.0297,-50.4485,-148.9054,0.0000,67.03474,241.325,0.0000000,6.981317,7.8029,0.0000,9900.88910,0.00000,-0.007263,0.000000,0
1598,66.583333,3563.8290,-48.3041,-147.1060,0.0000,67.35782,242.488,0.0000000,6.981317,7.7057,0.0000,9908.66480,0.00000,-0.007173,0.000000,0
1599,66.625000,3566.6416,-46.1495,-145.2981,0.0000,67.67689,243.637,0.0000000,6.981317,7.6100,0.0000,9916.47769,0.00000,-0.007084,0.000000,0
1600,66.666667,3569.4675,-43.9848,-143.4817,0.0000,67.99199,244.771,0.0000000,6.981317,7.5158,0.0000,9924.32735,0.00000,-0.006996,0.000000,0
1601,66.708333,3572.3064,-41.8100,-141.6568,0.0000,68.30321,245.892,0.0000000,6.981317,7.4232,0.0000,9932.21325,0.00000,-0.006910,0.000000,0
1602,66.750000,3575.1582,-39.6254,-139.8237,0.0000,68.61059,246.998,0.0000000,6.981317,7.3319,0.0000,9940.13497,0.00000,-0.006825,0.000000,0
1603,66.791667,3578.0228,-37.4310,-137.9824,0.0000,68.91420,248.091,0.0000000,6.981317,7.2421,0.0000,9948.09210,0.00000,-0.006741,0.000000,0
1604,66.833333,3580.8999,-35.2270,-136.1330,0.0000,69.21410,249.171,0.0000000,6.981317,7.1537,0.0000,9956.08414,0.00000,-0.006659,0.000000,0
1605,66.875000,3583.7895,-33.0135,-134.2756,0.0000,69.51034,250.237,0.0000000,6.981317,7.0666,0.0000,9964.11075,0.00000,-0.006578,0.000000,0
1606,66.916667,3586.6914,-30.7905,-132.4104,0.0000,69.80298,251.291,0.0000000,6.981317,6.9808,0.0000,9972.17143,0.00000,-0.006498,0.000000,0
1607,66.958333,3589.6053,-28.5583,-130.5373,0.0000,70.09208,252.331,0.0000000,6.981317,6.8963,0.0000,9980.26579,0.00000,-0.006419,0.000000,0
1608,67.000000,3592.5313,-26.3169,-128.6565,0.0000,70.37767,253.360,0.0000000,6.981317,6.8130,0.0000,9988.39347,0.00000,-0.006342,0.000000,0
1609,67.041667,3595.4691,-24.0664,-126.7682,0.0000,70.65983,254.375,0.0000000,6.981317,6.7310,0.0000,9996.55400,0.00000,-0.006266,0.000000,0
1610,67.083333,3598.4186,-21.8069,-124.8723,0.0000,70.93859,255.379,0.0000000,6.981317,6.6502,0.0000,10004.74701,0.00000,-0.006190,0.000000,0
1611,67.125000,3601.3796,-19.5387,-122.9690,0.0000,71.21401,256.370,0.0000000,6.981317,6.5705,0.0000,10012.97210,0.00000,-0.006116,0.000000,0
1612,67.166667,3604.3521,-17.2616,-121.0583,0.0000,71.48613,257.350,0.0000000,6.981317,6.4919,0.0000,10021.22893,0.00000,-0.006043,0.000000,0
1613,67.208333,3607.3358,-14.9760,-119.1404,0.0000,71.75500,258.318,0.0000000,6.981317,6.4146,0.0000,10029.51708,0.00000,-0.005971,0.000000,0
1614,67.250000,3610.3307,-12.6817,-117.2153,0.0000,72.02068,259.274,0.0000000,6.981317,6.3383,0.0000,10037.83618,0.00000,-0.005900,0.000000,0
1615,67.291667,3613.3366,-10.3791,-115.2832,0.0000,72.28319,260.219,0.0000000,6.981317,6.2631,0.0000,10046.18586,0.00000,-0.005830,0.000000,0
1616,67.333333,3616.3533,-8.0681,-113.3440,0.0000,72.54260,261.153,0.0000000,6.981317,6.1889,0.0000,10054.56577,0.00000,-0.005761,0.000000,0
1617,67.375000,3619.3808,-5.7489,-111.3980,0.0000,72.79893,262.076,0.0000000,6.981317,6.1157,0.0000,10062.97553,0.00000,-0.005693,0.000000,0
1618,67.416667,3622.4190,-3.4216,-109.4451,0.0000,73.05224,262.988,0.0000000,6.981317,6.0436,0.0000,10071.41483,0.00000,-0.005626,0.000000,0
1619,67.458333,3625.4676,-1.0862,-107.4855,0.0000,73.30257,263.889,0.0000000,6.981317,5.9725,0.0000,10079.88328,0.00000,-0.005559,0.000000,0
1620,67.500000,3628.5266,1.2572,-105.5192,0.0000,73.54995,264.780,0.0000000,6.981317,5.9023,0.0000,10088.38055,0.00000,-0.005494,0.000000,0
1621,67.541667,3631.5959,3.6084,-103.5463,0.0000,73.79443,265.660,0.0000000,6.981317,5.8331,0.0000,10096.90629,0.00000,-0.005430,0.000000,0
1622,67.583333,3634.6753,5.9673,-101.5669,0.0000,74.03604,266.530,0.0000000,6.981317,5.7648,0.0000,10105.46019,0.00000,-0.005366,0.000000,0
1623,67.625000,3637.7647,8.3340,-99.5810,0.0000,74.27483,267.389,0.0000000,6.981317,5.6975,0.0000,10114.04191,0.00000,-0.005303,0.000000,0
1624,67.666667,3640.8640,10.7082,-97.5888,0.0000,74.51084,268.239,0.0000000,6.981317,5.6311,0.0000,10122.65110,0.00000,-0.005242,0.000000,0
1625,67.708333,3643.9731,13.0899,-95.5904,0.0000,74.74409,269.079,0.0000000,6.981317,5.5655,0.0000,10131.28749,0.00000,-0.005181,0.000000,0
1626,67.750000,3647.0919,15.4790,-93.5857,0.0000,74.97463,269.909,0.0000000,6.981317,5.5008,0.0000,10139.95072,0.00000,-0.005120,0.000000,0
1627,67.791667,3650.2202,17.8754,-91.5748,0.0000,75.20249,270.729,0.0000000,6.981317,5.4370,0.0000,10148.64050,0.00000,-0.005061,0.000000,0
1628,67.833333,3653.3580,20.2791,-89.5579,0.0000,75.42771,271.540,0.0000000,6.981317,5.3740,0.0000,10157.35650,0.00000,-0.005002,0.000000,0
1629,67.875000,3656.5051,22.6899,-87.5350,0.0000,75.65032,272.341,0.0000000,6.981317,5.3118,0.0000,10166.09846,0.00000,-0.004944,0.000000,0
1630,67.916667,3659.6614,25.1078,-85.5061,0.0000,75.87036,273.133,0.0000000,6.981317,5.2504,0.0000,10174.86602,0.00000,-0.004887,0.000000,0
1631,67.958333,3662.8269,27.5327,-83.4714,0.0000,76.08786,273.916,0.0000000,6.981317,5.1899,0.0000,10183.65894,0.00000,-0.004831,0.000000,0
1632,68.000000,3666.0013,29.9645,-81.4309,0.0000,76.30285,274.690,0.0000000,6.981317,5.1301,0.0000,10192.47689,0.00000,-0.004775,0.000000,0
1633,68.041667,3669.1847,32.4031,-79.3847,0.0000,76.51537,275.455,0.0000000,6.981317,5.0711,0.0000,10201.31959,0.00000,-0.004720,0.000000,0
1634,68.083333,3672.3769,34.8484,-77.3328,0.0000,76.72544,276.212,0.0000000,6.981317,5.0128,0.0000,10210.18675,0.00000,-0.004666,0.000000,0
1635,68.125000,3675.5778,37.3004,-75.2753,0.0000,76.93310,276.959,0.0000000,6.981317,4.9553,0.0000,10219.07812,0.00000,-0.004613,0.000000,0
1636,68.166667,3678.7873,39.7591,-73.2123,0.0000,77.13838,277.698,0.0000000,6.981317,4.8985,0.0000,10227.99340,0.00000,-0.004560,0.000000,0
1637,68.208333,3682.0053,42.2242,-71.1438,0.0000,77.34130,278.429,0.0000000,6.981317,4.8424,0.0000,10236.93231,0.00000,-0.004508,0.000000,0
1638,68.250000,3685.2317,44.6958,-69.0699,0.0000,77.54191,279.151,0.0000000,6.981317,4.7870,0.0000,10245.89458,0.00000,-0.004456,0.000000,0
1639,68.291667,3688.4664,47.1737,-66.9906,0.0000,77.74022,279.865,0.0000000,6.981317,4.7324,0.0000,10254.87995,0.00000,-0.004405,0.000000,0
1640,68.333333,3691.7094,49.6580,-64.9061,0.0000,77.93627,280.571,0.0000000,6.981317,4.6784,0.0000,10263.88815,0.00000,-0.004355,0.000000,0
1641,68.375000,3694.9605,52.1484,-62.8163,0.0000,78.13009,281.268,0.0000000,6.981317,4.6251,0.0000,10272.91893,0.00000,-0.004305,0.000000,0
1642,68.416667,3698.2196,54.6451,-60.7214,0.0000,78.32170,281.958,0.0000000,6.981317,4.5724,0.0000,10281.97202,0.00000,-0.004256,0.000000,0
1643,68.458333,3701.4866,57.1478,-58.6214,0.0000,78.51112,282.640,0.0000000,6.981317,4.5204,0.0000,10291.04718,0.00000,-0.004208,0.000000,0
1644,68.500000,3704.7615,59.6565,-56.5163,0.0000,78.69840,283.314,0.0000000,6.981317,4.4691,0.0000,10300.14414,0.00000,-0.004160,0.000000,0
1645,68.541667,3708.0442,62.1712,-54.4063,0.0000,78.88355,283.981,0.0000000,6.981317,4.4184,0.0000,10309.26267,0.00000,-0.004113,0.000000,0
1646,68.583333,3711.3345,64.6917,-52.2913,0.0000,79.06660,284.640,0.0000000,6.981317,4.3683,0.0000,10318.40252,0.00000,-0.004066,0.000000,0
1647,68.625000,3714.6325,67.2181,-50.1714,0.0000,79.24757,285.291,0.0000000,6.981317,4.3188,0.0000,10327.56343,0.00000,-0.004020,0.000000,0
1648,68.666667,3717.9379,69.7502,-48.0467,0.0000,79.42649,285.935,0.0000000,6.981317,4.2699,0.0000,10336.74521,0.00000,-0.003975,0.000000,0
1649,68.708333,3721.2508,72.2880,-45.9172,0.0000,79.60339,286.572,0.0000000,6.981317,4.2216,0.0000,10345.94758,0.00000,-0.003930,0.000000,0
1650,68.750000,3724.5710,74.8314,-43.7831,0.0000,79.77830,287.202,0.0000000,6.981317,4.1739,0.0000,10355.17031,0.00000,-0.003885,0.000000,0
1651,68.791667,3727.8984,77.3804,-41.6442,0.0000,79.95122,287.824,0.0000000,6.981317,4.1268,0.0000,10364.41317,0.00000,-0.003841,0.000000,0
1652,68.833333,3731.2330,79.9348,-39.5008,0.0000,80.12219,288.440,0.0000000,6.981317,4.0802,0.0000,10373.67597,0.00000,-0.003798,0.000000,0
1653,68.875000,3734.5747,82.4947,-37.3528,0.0000,80.29124,289.048,0.0000000,6.981317,4.0343,0.0000,10382.95843,0.00000,-0.003755,0.000000,0
1654,68.916667,3737.9234,85.0599,-35.2003,0.0000,80.45838,289.650,0.0000000,6.981317,3.9888,0.0000,10392.26037,0.00000,-0.003713,0.000000,0
1655,68.958333,3741.2790,87.6305,-33.0433,0.0000,80.62364,290.245,0.0000000,6.981317,3.9439,0.0000,10401.58156,0.00000,-0.003671,0.000000,0
1656,69.000000,3744.6415,90.2063,-30.8820,0.0000,80.78705,290.833,0.0000000,6.981317,3.8996,0.0000,10410.92176,0.00000,-0.003630,0.000000,0
1657,69.041667,3748.0107,92.7873,-28.7163,0.0000,80.94861,291.415,0.0000000,6.981317,3.8558,0.0000,10420.28079,0.00000,-0.003589,0.000000,0
1658,69.083333,3751.3867,95.3734,-26.5463,0.0000,81.10836,291.990,0.0000000,6.981317,3.8125,0.0000,10429.65841,0.00000,-0.003549,0.000000,0
1659,69.125000,3754.7692,97.9646,-24.3720,0.0000,81.26632,292.559,0.0000000,6.981317,3.7697,0.0000,10439.05445,0.00000,-0.003509,0.000000,0
1660,69.166667,3758.1584,100.5608,-22.1935,0.0000,81.42250,293.121,0.0000000,6.981317,3.7274,0.0000,10448.46865,0.00000,-0.003470,0.000000,0
1661,69.208333,3761.5540,103.1620,-20.0109,0.0000,81.57693,293.677,0.0000000,6.981317,3.6856,0.0000,10457.90085,0.00000,-0.003431,0.000000,0
1662,69.250000,3764.9559,105.7681,-17.8241,0.0000,81.72964,294.227,0.0000000,6.981317,3.6444,0.0000,10467.35083,0.00000,-0.003392,0.000000,0
1663,69.291667,3768.3643,108.3790,-15.6333,0.0000,81.88063,294.770,0.0000000,6.981317,3.6036,0.0000,10476.81839,0.00000,-0.003354,0.000000,0
1664,69.333333,3771.7788,110.9947,-13.4384,0.0000,82.02993,295.308,0.0000000,6.981317,3.5632,0.0000,10486.30334,0.00000,-0.003317,0.000000,0
1665,69.375000,3775.1996,113.6152,-11.2396,0.0000,82.17757,295.839,0.0000000,6.981317,3.5234,0.0000,10495.80548,0.00000,-0.003280,0.000000,0
1666,69.416667,3778.6265,116.2403,-9.0368,0.0000,82.32355,296.365,0.0000000,6.981317,3.4840,0.0000,10505.32461,0.00000,-0.003243,0.000000,0
1667,69.458333,3782.0594,118.8701,-6.8302,0.0000,82.46790,296.884,0.0000000,6.981317,3.4451,0.0000,10514.86057,0.00000,-0.003207,0.000000,0
1668,69.500000,3785.4984,121.5045,-4.6197,0.0000,82.61064,297.398,0.0000000,6.981317,3.4067,0.0000,10524.41315,0.00000,-0.003171,0.000000,0
1669,69.541667,3788.9432,124.1434,-2.4054,0.0000,82.75179,297.906,0.0000000,6.981317,3.3687,0.0000,10533.98215,0.00000,-0.003136,0.000000,0
1670,69.583333,3792.3939,126.7868,-0.1873,0.0000,82.89137,298.409,0.0000000,6.981317,3.3311,0.0000,10543.56741,0.00000,-0.003101,0.000000,0
1671,69.625000,3795.8504,129.4346,2.0345,0.0000,83.02939,298.906,0.0000000,6.981317,3.2940,0.0000,10553.16874,0.00000,-0.003066,0.000000,0
1672,69.666667,3799.3126,132.0868,4.2599,0.0000,83.16587,299.397,0.0000000,6.981317,3.2573,0.0000,10562.78597,0.00000,-0.003032,0.000000,0
1673,69.708333,3802.7805,134.7433,6.4890,0.0000,83.30083,299.883,0.0000000,6.981317,3.2210,0.0000,10572.41891,0.00000,-0.002998,0.000000,0
1674,69.750000,3806.2539,137.4042,8.7217,0.0000,83.43428,300.363,0.0000000,6.981317,3.1852,0.0000,10582.06739,0.00000,-0.002965,0.000000,0
1675,69.791667,3809.7329,140.0692,10.9580,0.0000,83.56626,300.839,0.0000000,6.981317,3.1497,0.0000,10591.73124,0.00000,-0.002932,0.000000,0
1676,69.833333,3813.2173,142.7385,13.1977,0.0000,83.69676,301.308,0.0000000,6.981317,3.1147,0.0000,10601.41029,0.00000,-0.002899,0.000000,0
1677,69.875000,3816.7072,145.4119,15.4410,0.0000,83.82582,301.773,0.0000000,6.981317,3.0801,0.0000,10611.10436,0.00000,-0.002867,0.000000,0
1678,69.916667,3820.2024,148.0893,17.6877,0.0000,83.95344,302.232,0.0000000,6.981317,3.0459,0.0000,10620.81329,0.00000,-0.002835,0.000000,0
1679,69.958333,3823.7029,150.7709,19.9377,0.0000,84.07964,302.687,0.0000000,6.981317,3.0121,0.0000,10630.53692,0.00000,-0.002804,0.000000,0
1680,70.000000,3827.2087,153.4564,22.1912,0.0000,84.20444,303.136,0.0000000,6.981317,2.9786,0.0000,10640.27508,0.00000,-0.002773,0.000000,0
1681,70.041667,3830.7196,156.1460,24.4479,0.0000,84.32786,303.580,0.0000000,6.981317,2.9456,0.0000,10650.02761,0.00000,-0.002742,0.000000,0
1682,70.083333,3834.2356,158.8394,26.7080,0.0000,84.44991,304.020,0.0000000,6.981317,2.9129,0.0000,10659.79436,0.00000,-0.002711,0.000000,0
1683,70.125000,3837.7567,161.5367,28.9713,0.0000,84.57060,304.454,0.0000000,6.981317,2.8806,0.0000,10669.57515,0.00000,-0.002681,0.000000,0
1684,70.166667,3841.2828,164.2378,31.2378,0.0000,84.68996,304.884,0.0000000,6.981317,2.8487,0.0000,10679.36985,0.00000,-0.002652,0.000000,0
1685,70.208333,3844.8138,166.9428,33.5076,0.0000,84.80799,305.309,0.0000000,6.981317,2.8171,0.0000,10689.17828,0.00000,-0.002622,0.000000,0
1686,70.250000,3848.3498,169.6515,35.7804,0.0000,84.92472,305.729,0.0000000,6.981317,2.7859,0.0000,10699.00031,0.00000,-0.002593,0.000000,0
1687,70.291667,3851.8905,172.3638,38.0564,0.0000,85.04015,306.145,0.0000000,6.981317,2.7550,0.0000,10708.83578,0.00000,-0.002565,0.000000,0
1688,70.333333,3855.4361,175.0799,40.3354,0.0000,85.15430,306.555,0.0000000,6.981317,2.7245,0.0000,10718.68454,0.00000,-0.002536,0.000000,0
1689,70.375000,3858.9864,177.7996,42.6175,0.0000,85.26719,306.962,0.0000000,6.981317,2.6944,0.0000,10728.54645,0.00000,-0.002508,0.000000,0
1690,70.416667,3862.5413,180.5228,44.9026,0.0000,85.37884,307.364,0.0000000,6.981317,2.6646,0.0000,10738.42136,0.00000,-0.002480,0.000000,0
1691,70.458333,3866.1009,183.2496,47.1906,0.0000,85.48924,307.761,0.0000000,6.981317,2.6351,0.0000,10748.30912,0.00000,-0.002453,0.000000,0
1692,70.500000,3869.6651,185.9800,49.4816,0.0000,85.59843,308.154,0.0000000,6.981317,2.6060,0.0000,10758.20959,0.00000,-0.002426,0.000000,0
1693,70.541667,3873.2338,188.7137,51.7756,0.0000,85.70641,308.543,0.0000000,6.981317,2.5772,0.0000,10768.12264,0.00000,-0.002399,0.000000,0
1694,70.583333,3876.8070,191.4509,54.0723,0.0000,85.81320,308.928,0.0000000,6.981317,2.5487,0.0000,10778.04813,0.00000,-0.002372,0.000000,0
1695,70.625000,3880.3846,194.1915,56.3720,0.0000,85.91880,309.308,0.0000000,6.981317,2.5206,0.0000,10787.98590,0.00000,-0.002346,0.000000,0
1696,70.666667,3883.9665,196.9355,58.6744,0.0000,86.02324,309.684,0.0000000,6.981317,2.4927,0.0000,10797.93584,0.00000,-0.002320,0.000000,0
1697,70.708333,3887.5529,199.6828,60.9797,0.0000,86.12653,310.056,0.0000000,6.981317,2.4652,0.0000,10807.89781,0.00000,-0.002295,0.000000,0
1698,70.750000,3891.1434,202.4333,63.2877,0.0000,86.22868,310.423,0.0000000,6.981317,2.4380,0.0000,10817.87166,0.00000,-0.002269,0.000000,0
1699,70.791667,3894.7383,205.1871,65.5984,0.0000,86.32970,310.787,0.0000000,6.981317,2.4111,0.0000,10827.85729,0.00000,-0.002244,0.000000,0
1700,70.833333,3898.3373,207.9441,67.9118,0.0000,86.42960,311.147,0.0000000,6.981317,2.3845,0.0000,10837.85454,0.00000,-0.002220,0.000000,0
1701,70.875000,3901.9404,210.7043,70.2278,0.0000,86.52840,311.502,0.0000000,6.981317,2.3582,0.0000,10847.86330,0.00000,-0.002195,0.000000,0
1702,70.916667,3905.5477,213.4676,72.5465,0.0000,86.62612,311.854,0.0000000,6.981317,2.3322,0.0000,10857.88344,0.00000,-0.002171,0.000000,0
1703,70.958333,3909.1590,216.2340,74.8678,0.0000,86.72275,312.202,0.0000000,6.981317,2.3065,0.0000,10867.91482,0.00000,-0.002147,0.000000,0
1704,71.000000,3912.7743,219.0035,77.1917,0.0000,86.81832,312.546,0.0000000,6.981317,2.2811,0.0000,10877.95734,0.00000,-0.002123,0.000000,0
1705,71.041667,3916.3935,221.7760,79.5181,0.0000,86.91284,312.886,0.0000000,6.981317,2.2559,0.0000,10888.01085,0.00000,-0.002100,0.000000,0
1706,71.083333,3920.0167,224.5515,81.8471,0.0000,87.00632,313.223,0.0000000,6.981317,2.2311,0.0000,10898.07526,0.00000,-0.002077,0.000000,0
1707,71.125000,3923.6438,227.3300,84.1785,0.0000,87.09876,313.556,0.0000000,6.981317,2.2065,0.0000,10908.15042,0.00000,-0.002054,0.000000,0
1708,71.166667,3927.2747,230.1115,86.5124,0.0000,87.19019,313.885,0.0000000,6.981317,2.1822,0.0000,10918.23624,0.00000,-0.002031,0.000000,0
1709,71.208333,3930.9094,232.8958,88.8487,0.0000,87.28061,314.210,0.0000000,6.981317,2.1582,0.0000,10928.33257,0.00000,-0.002009,0.000000,0
1710,71.250000,3934.5478,235.6830,91.1874,0.0000,87.37004,314.532,0.0000000,6.981317,2.1344,0.0000,10938.43933,0.00000,-0.001987,0.000000,0
1711,71.291667,3938.1899,238.4730,93.5286,0.0000,87.45848,314.851,0.0000000,6.981317,2.1109,0.0000,10948.55637,0.00000,-0.001965,0.000000,0
1712,71.333333,3941.8357,241.2659,95.8720,0.0000,87.54594,315.165,0.0000000,6.981317,2.0877,0.0000,10958.68361,0.00000,-0.001943,0.000000,0
1713,71.375000,3945.4852,244.0615,98.2178,0.0000,87.63245,315.477,0.0000000,6.981317,2.0647,0.0000,10968.82091,0.00000,-0.001922,0.000000,0
1714,71.416667,3949.1382,246.8599,100.5660,0.0000,87.71800,315.785,0.0000000,6.981317,2.0420,0.0000,10978.96817,0.00000,-0.001901,0.000000,0
1715,71.458333,3952.7948,249.6610,102.9164,0.0000,87.80262,316.089,0.0000000,6.981317,2.0195,0.0000,10989.12530,0.00000,-0.001880,0.000000,0
1716,71.500000,3956.4548,252.4647,105.2690,0.0000,87.88630,316.391,0.0000000,6.981317,1.9973,0.0000,10999.29216,0.00000,-0.001859,0.000000,0
1717,71.541667,3960.1184,255.2712,107.6239,0.0000,87.96906,316.689,0.0000000,6.981317,1.9754,0.0000,11009.46865,0.00000,-0.001839,0.000000,0
1718,71.583333,3963.7853,258.0802,109.9810,0.0000,88.05091,316.983,0.0000000,6.981317,1.9536,0.0000,11019.65468,0.00000,-0.001819,0.000000,0
1719,71.625000,3967.4557,260.8919,112.3402,0.0000,88.13186,317.275,0.0000000,6.981317,1.9322,0.0000,11029.85013,0.00000,-0.001799,0.000000,0
1720,71.666667,3971.1294,263.7061,114.7016,0.0000,88.21192,317.563,0.0000000,6.981317,1.9109,0.0000,11040.05490,0.00000,-0.001779,0.000000,0
1721,71.708333,3974.8064,266.5229,117.0652,0.0000,88.29111,317.848,0.0000000,6.981317,1.8899,0.0000,11050.26890,0.00000,-0.001759,0.000000,0
1722,71.750000,3978.4868,269.3422,119.4309,0.0000,88.36942,318.130,0.0000000,6.981317,1.8692,0.0000,11060.49201,0.00000,-0.001740,0.000000,0
1723,71.791667,3982.1703,272.1640,121.7986,0.0000,88.44687,318.409,0.0000000,6.981317,1.8486,0.0000,11070.72414,0.00000,-0.001721,0.000000,0
1724,71.833333,3985.8571,274.9882,124.1684,0.0000,88.52347,318.684,0.0000000,6.981317,1.8283,0.0000,11080.96518,0.00000,-0.001702,0.000000,0
1725,71.875000,3989.5471,277.8149,126.5403,0.0000,88.59923,318.957,0.0000000,6.981317,1.8082,0.0000,11091.21505,0.00000,-0.001683,0.000000,0
1726,71.916667,3993.2402,280.6439,128.9142,0.0000,88.67416,319.227,0.0000000,6.981317,1.7884,0.0000,11101.47364,0.00000,-0.001665,0.000000,0
1727,71.958333,3996.9364,283.4754,131.2900,0.0000,88.74826,319.494,0.0000000,6.981317,1.7688,0.0000,11111.74086,0.00000,-0.001646,0.000000,0
1728,72.000000,4000.6356,286.3092,133.6679,0.0000,88.82156,319.758,0.0000000,6.981317,1.7493,0.0000,11122.01661,0.00000,-0.001628,0.000000,0
1729,72.041667,4004.3379,289.1453,136.0477,0.0000,88.89404,320.019,0.0000000,6.981317,1.7301,0.0000,11132.30080,0.00000,-0.001610,0.000000,0
1730,72.083333,4008.0432,291.9838,138.4294,0.0000,88.96573,320.277,0.0000000,6.981317,1.7111,0.0000,11142.59334,0.00000,-0.001593,0.000000,0
1731,72.125000,4011.7515,294.8245,140.8130,0.0000,89.03664,320.532,0.0000000,6.981317,1.6924,0.0000,11152.89414,0.00000,-0.001575,0.000000,0
1732,72.166667,4015.4628,297.6674,143.1986,0.0000,89.10676,320.784,0.0000000,6.981317,1.6738,0.0000,11163.20310,0.00000,-0.001558,0.000000,0
1733,72.208333,4019.1769,300.5126,145.5860,0.0000,89.17612,321.034,0.0000000,6.981317,1.6554,0.0000,11173.52013,0.00000,-0.001541,0.000000,0
1734,72.250000,4022.8939,303.3600,147.9752,0.0000,89.24472,321.281,0.0000000,6.981317,1.6373,0.0000,11183.84515,0.00000,-0.001524,0.000000,0
1735,72.291667,4026.6137,306.2096,150.3663,0.0000,89.31256,321.525,0.0000000,6.981317,1.6193,0.0000,11194.17807,0.00000,-0.001507,0.000000,0
1736,72.333333,4030.3364,309.0613,152.7592,0.0000,89.37966,321.767,0.0000000,6.981317,1.6015,0.0000,11204.51880,0.00000,-0.001491,0.000000,0
1737,72.375000,4034.0619,311.9152,155.1538,0.0000,89.44602,322.006,0.0000000,6.981317,1.5840,0.0000,11214.86726,0.00000,-0.001474,0.000000,0
1738,72.416667,4037.7901,314.7711,157.5503,0.0000,89.51166,322.242,0.0000000,6.981317,1.5666,0.0000,11225.22336,0.00000,-0.001458,0.000000,0
1739,72.458333,4041.5210,317.6292,159.9485,0.0000,89.57657,322.476,0.0000000,6.981317,1.5494,0.0000,11235.58701,0.00000,-0.001442,0.000000,0
1740,72.500000,4045.2546,320.4893,162.3484,0.0000,89.64077,322.707,0.0000000,6.981317,1.5324,0.0000,11245.95815,0.00000,-0.001426,0.000000,0
1741,72.541667,4048.9908,323.3514,164.7500,0.0000,89.70427,322.935,0.0000000,6.981317,1.5156,0.0000,11256.33667,0.00000,-0.001411,0.000000,0
1742,72.583333,4052.7297,326.2156,167.1533,0.0000,89.76708,323.161,0.0000000,6.981317,1.5073,0.0000,11266.72251,0.00000,-0.001403,0.000000,0
